-- CAPIRE COME SI AGGIUNGE LA DATA
-- I CODICI FISCALI SONO STATI GENERATI IN AUTOMATICO DAL SITO: https://www.codicefiscale.com/
INSERT INTO UTENTE(CF,DATA_DI_NASCITA,NAZIONALITA,NOME,COGNOME) VALUES
('DSRLRD90A01F839V',TO_DATE('01/06/1999','DD/MM/YYYY'),'ITALIA','ALFREDO','DESERTO');
INSERT INTO UTENTE(CF,DATA_DI_NASCITA,NAZIONALITA,NOME,COGNOME) VALUES
('RSSLCU80P15F839C',TO_DATE('10/04/2000','DD/MM/YYYY'),'AFRICA','LUCA','ROSSI');
INSERT INTO UTENTE(CF,DATA_DI_NASCITA,NAZIONALITA,NOME,COGNOME) VALUES
('VRDLGU79M19F839M',TO_DATE('28/08/1980','DD/MM/YYYY'),'AUSTRIA','LUIGI','VERDE');
INSERT INTO UTENTE(CF,DATA_DI_NASCITA,NAZIONALITA,NOME,COGNOME) VALUES
('BLULSS86S57F839T',TO_DATE('24/10/1981','DD/MM/YYYY'),'ISLANDA','ALESSIA','BLU');
INSERT INTO UTENTE(CF,DATA_DI_NASCITA,NAZIONALITA,NOME,COGNOME) VALUES
('VLINGL03D57F839E',TO_DATE('22/12/1970','DD/MM/YYYY'),'GERMANIA','ANGELA','VIOLA');
INSERT INTO UTENTE(CF,DATA_DI_NASCITA,NAZIONALITA,NOME,COGNOME) VALUES
('CHRMTN75P58F839A',TO_DATE('02/11/1990','DD/MM/YYYY'),'OLANDA','MARTINA','CHAIRO');
INSERT INTO UTENTE(CF,DATA_DI_NASCITA,NAZIONALITA,NOME,COGNOME) VALUES
('PCCCHR78L61F839Z',TO_DATE('12/02/2002','DD/MM/YYYY'),'AMERICA','CHIARA','PICCOLA');
INSERT INTO UTENTE(CF,DATA_DI_NASCITA,NAZIONALITA,NOME,COGNOME) VALUES
('DSTFNC07L47F839R',TO_DATE('08/03/2003','DD/MM/YYYY'),'CINA','FRANCESCA','DESTRO');
INSERT INTO UTENTE(CF,DATA_DI_NASCITA,NAZIONALITA,NOME,COGNOME) VALUES
('MLTMRC03S07F839Q',TO_DATE('17/09/2000','DD/MM/YYYY'),'GIAPPONE','MARCO','MALTO');
INSERT INTO UTENTE(CF,DATA_DI_NASCITA,NAZIONALITA,NOME,COGNOME) VALUES
('SNEGPP01P08F839A',TO_DATE('05/08/1998','DD/MM/YYYY'),'BELGIO','GIUSEPPE','SENI');
INSERT INTO UTENTE(CF,DATA_DI_NASCITA,NAZIONALITA,NOME,COGNOME) VALUES
('VRIMRA74A05F839T',TO_DATE('09/01/1997','DD/MM/YYYY'),'CAMEROUN','MARIO','VIRO');
INSERT INTO UTENTE(CF,DATA_DI_NASCITA,NAZIONALITA,NOME,COGNOME) VALUES
('BCCLSS66S19F839V',TO_DATE('11/10/1996','DD/MM/YYYY'),'ITALIA','ALESSIO','BUCCI');
INSERT INTO UTENTE(CF,DATA_DI_NASCITA,NAZIONALITA,NOME,COGNOME) VALUES
('DREPRI81T16F839G',TO_DATE('18/05/1999','DD/MM/YYYY'),'ISLANDA','PIERO','DERI');
INSERT INTO UTENTE(CF,DATA_DI_NASCITA,NAZIONALITA,NOME,COGNOME) VALUES
('DMAGRG02T31F839E',TO_DATE('20/07/2000','DD/MM/YYYY'),'GERMANIA','GIORGIO','DAMA');
INSERT INTO UTENTE(CF,DATA_DI_NASCITA,NAZIONALITA,NOME,COGNOME) VALUES
('PRMLSN86L27F839O',TO_DATE('19/09/1998','DD/MM/YYYY'),'OLANDA','ALESSANDRO','PRIMO');

-- VALUTAZIONE RISCHIO
INSERT INTO VALUTAZIONE_RISCHIO(CATEGORIA,BUDGET,RISCHIO,CF_UTENTE) VALUES
('INTRADAY',10000,50,'DSRLRD90A01F839V');
INSERT INTO VALUTAZIONE_RISCHIO(CATEGORIA,BUDGET,RISCHIO,CF_UTENTE) VALUES
('SCALPER',200,20,'RSSLCU80P15F839C');
INSERT INTO VALUTAZIONE_RISCHIO(CATEGORIA,BUDGET,RISCHIO,CF_UTENTE) VALUES
('BUY & HOLD',20000,80,'VRDLGU79M19F839M');
INSERT INTO VALUTAZIONE_RISCHIO(CATEGORIA,BUDGET,RISCHIO,CF_UTENTE) VALUES
('INTRADAY',60000,10,'BLULSS86S57F839T');
INSERT INTO VALUTAZIONE_RISCHIO(CATEGORIA,BUDGET,RISCHIO,CF_UTENTE) VALUES
('INTRADAY',1000000,99,'VLINGL03D57F839E');
INSERT INTO VALUTAZIONE_RISCHIO(CATEGORIA,BUDGET,RISCHIO,CF_UTENTE) VALUES
('SCALPER',4000,75,'CHRMTN75P58F839A');
INSERT INTO VALUTAZIONE_RISCHIO(CATEGORIA,BUDGET,RISCHIO,CF_UTENTE) VALUES
('SCALPER',8000,25,'PCCCHR78L61F839Z');
INSERT INTO VALUTAZIONE_RISCHIO(CATEGORIA,BUDGET,RISCHIO,CF_UTENTE) VALUES
('BUY & HOLD',700,10,'DSTFNC07L47F839R');
INSERT INTO VALUTAZIONE_RISCHIO(CATEGORIA,BUDGET,RISCHIO,CF_UTENTE) VALUES
('INTRADAY',500,50,'MLTMRC03S07F839Q');
INSERT INTO VALUTAZIONE_RISCHIO(CATEGORIA,BUDGET,RISCHIO,CF_UTENTE) VALUES
('SCALPER',100,80,'SNEGPP01P08F839A');
INSERT INTO VALUTAZIONE_RISCHIO(CATEGORIA,BUDGET,RISCHIO,CF_UTENTE) VALUES
('BUY & HOLD',7500,60,'VRIMRA74A05F839T');
INSERT INTO VALUTAZIONE_RISCHIO(CATEGORIA,BUDGET,RISCHIO,CF_UTENTE) VALUES
('BUY & HOLD',150,5,'BCCLSS66S19F839V');
INSERT INTO VALUTAZIONE_RISCHIO(CATEGORIA,BUDGET,RISCHIO,CF_UTENTE) VALUES
('INTRADAY',2500,15,'DREPRI81T16F839G');
INSERT INTO VALUTAZIONE_RISCHIO(CATEGORIA,BUDGET,RISCHIO,CF_UTENTE) VALUES
('SCALPER',75000,60,'DMAGRG02T31F839E');
INSERT INTO VALUTAZIONE_RISCHIO(CATEGORIA,BUDGET,RISCHIO,CF_UTENTE) VALUES
('INTRADAY',15000,80,'PRMLSN86L27F839O');

-- CONTO CORRENTE
-- I NUMERI DI CONTO E CVV SONO STATI GENERATI IN AUTOMATICO DAL SITO: https://ccardgenerator.com/generat-visa-card-numbers.php
INSERT INTO CONTO_CORRENTE(NUMERO_CONTO,CVV,DATA_DI_SCADENZA,CF_UTENTE) VALUES
('4109996351112611','679',TO_DATE('01/06/1999','DD/MM/YYYY'),'DSRLRD90A01F839V');
INSERT INTO CONTO_CORRENTE(NUMERO_CONTO,CVV,DATA_DI_SCADENZA,CF_UTENTE) VALUES
('4590293082723676','506',TO_DATE('10/04/2000','DD/MM/YYYY'),'RSSLCU80P15F839C');
INSERT INTO CONTO_CORRENTE(NUMERO_CONTO,CVV,DATA_DI_SCADENZA,CF_UTENTE) VALUES
('4347711035326285','770',TO_DATE('28/08/1980','DD/MM/YYYY'),'VRDLGU79M19F839M');
INSERT INTO CONTO_CORRENTE(NUMERO_CONTO,CVV,DATA_DI_SCADENZA,CF_UTENTE) VALUES
('4371103899876689','965',TO_DATE('24/10/1981','DD/MM/YYYY'),'BLULSS86S57F839T');
INSERT INTO CONTO_CORRENTE(NUMERO_CONTO,CVV,DATA_DI_SCADENZA,CF_UTENTE) VALUES
('4323104682062130','934',TO_DATE('22/12/1970','DD/MM/YYYY'),'VLINGL03D57F839E');
INSERT INTO CONTO_CORRENTE(NUMERO_CONTO,CVV,DATA_DI_SCADENZA,CF_UTENTE) VALUES
('4944670573395564','514',TO_DATE('02/11/1990','DD/MM/YYYY'),'CHRMTN75P58F839A');
INSERT INTO CONTO_CORRENTE(NUMERO_CONTO,CVV,DATA_DI_SCADENZA,CF_UTENTE) VALUES
('4549496146399761','688',TO_DATE('12/02/2002','DD/MM/YYYY'),'PCCCHR78L61F839Z');
INSERT INTO CONTO_CORRENTE(NUMERO_CONTO,CVV,DATA_DI_SCADENZA,CF_UTENTE) VALUES
('4795338713159585','886',TO_DATE('08/03/2003','DD/MM/YYYY'),'DSTFNC07L47F839R');
INSERT INTO CONTO_CORRENTE(NUMERO_CONTO,CVV,DATA_DI_SCADENZA,CF_UTENTE) VALUES
('4104071187881121','558',TO_DATE('17/09/2000','DD/MM/YYYY'),'MLTMRC03S07F839Q');
INSERT INTO CONTO_CORRENTE(NUMERO_CONTO,CVV,DATA_DI_SCADENZA,CF_UTENTE) VALUES
('4462202027956130','546',TO_DATE('05/08/1998','DD/MM/YYYY'),'SNEGPP01P08F839A');
INSERT INTO CONTO_CORRENTE(NUMERO_CONTO,CVV,DATA_DI_SCADENZA,CF_UTENTE) VALUES
('4295786297006975','591',TO_DATE('09/01/1997','DD/MM/YYYY'),'VRIMRA74A05F839T');
INSERT INTO CONTO_CORRENTE(NUMERO_CONTO,CVV,DATA_DI_SCADENZA,CF_UTENTE) VALUES
('4642587359242619','407',TO_DATE('11/10/1996','DD/MM/YYYY'),'BCCLSS66S19F839V');
INSERT INTO CONTO_CORRENTE(NUMERO_CONTO,CVV,DATA_DI_SCADENZA,CF_UTENTE) VALUES
('4204686029166503','368',TO_DATE('18/05/1999','DD/MM/YYYY'),'DREPRI81T16F839G');
INSERT INTO CONTO_CORRENTE(NUMERO_CONTO,CVV,DATA_DI_SCADENZA,CF_UTENTE) VALUES
('4330442763581136','417',TO_DATE('20/07/2000','DD/MM/YYYY'),'DMAGRG02T31F839E');
INSERT INTO CONTO_CORRENTE(NUMERO_CONTO,CVV,DATA_DI_SCADENZA,CF_UTENTE) VALUES
('4436102995435906','308',TO_DATE('19/09/1998','DD/MM/YYYY'),'PRMLSN86L27F839O');

-- CONTO VIRTUALE
-- ID SONO STATI GENERATI IN AUTOMATICO DAL SITO: https://www.lastpass.com/it/features/password-generator
INSERT INTO CONTO_VIRTUALE(ID,DATA_CREAZIONE) VALUES
('11013563144710829511',TO_DATE('19/09/2010','DD/MM/YYYY'));
INSERT INTO CONTO_VIRTUALE(ID,DATA_CREAZIONE) VALUES
('38480029763762467178',TO_DATE('19/09/2010','DD/MM/YYYY'));
INSERT INTO CONTO_VIRTUALE(ID,DATA_CREAZIONE) VALUES
('48650072646093264568',TO_DATE('19/09/2010','DD/MM/YYYY'));
INSERT INTO CONTO_VIRTUALE(ID,DATA_CREAZIONE) VALUES
('12722025187733601960',TO_DATE('19/09/2010','DD/MM/YYYY'));
INSERT INTO CONTO_VIRTUALE(ID,DATA_CREAZIONE) VALUES
('01512240724222181765',TO_DATE('19/09/2010','DD/MM/YYYY'));
INSERT INTO CONTO_VIRTUALE(ID,DATA_CREAZIONE) VALUES
('62212477899903026032',TO_DATE('19/09/2010','DD/MM/YYYY'));
INSERT INTO CONTO_VIRTUALE(ID,DATA_CREAZIONE) VALUES
('98909592354694862223',TO_DATE('19/09/2010','DD/MM/YYYY'));
INSERT INTO CONTO_VIRTUALE(ID,DATA_CREAZIONE) VALUES
('23567494004133933985',TO_DATE('19/09/2010','DD/MM/YYYY'));
INSERT INTO CONTO_VIRTUALE(ID,DATA_CREAZIONE) VALUES
('54877171659893100303',TO_DATE('19/09/2010','DD/MM/YYYY'));
INSERT INTO CONTO_VIRTUALE(ID,DATA_CREAZIONE) VALUES
('93198248687343734208',TO_DATE('19/09/2010','DD/MM/YYYY'));
INSERT INTO CONTO_VIRTUALE(ID,DATA_CREAZIONE) VALUES
('41511155148661334592',TO_DATE('19/09/2010','DD/MM/YYYY'));
INSERT INTO CONTO_VIRTUALE(ID,DATA_CREAZIONE) VALUES
('90750606096442332998',TO_DATE('19/09/2010','DD/MM/YYYY'));
INSERT INTO CONTO_VIRTUALE(ID,DATA_CREAZIONE) VALUES
('58943089192220376208',TO_DATE('19/09/2010','DD/MM/YYYY'));
INSERT INTO CONTO_VIRTUALE(ID,DATA_CREAZIONE) VALUES
('44028438510491620914',TO_DATE('19/09/2010','DD/MM/YYYY'));
INSERT INTO CONTO_VIRTUALE(ID,DATA_CREAZIONE) VALUES
('46446812560562476336',TO_DATE('19/09/2010','DD/MM/YYYY'));

-- COLLEGATO
INSERT INTO COLLEGATO(ID_CONTO_VIRTUALE_C,NUMERO_CONTO_C) VALUES
('11013563144710829511','4109996351112611');
INSERT INTO COLLEGATO(ID_CONTO_VIRTUALE_C,NUMERO_CONTO_C) VALUES
('38480029763762467178','4590293082723676');
INSERT INTO COLLEGATO(ID_CONTO_VIRTUALE_C,NUMERO_CONTO_C) VALUES
('48650072646093264568','4347711035326285');
INSERT INTO COLLEGATO(ID_CONTO_VIRTUALE_C,NUMERO_CONTO_C) VALUES
('12722025187733601960','4371103899876689');
INSERT INTO COLLEGATO(ID_CONTO_VIRTUALE_C,NUMERO_CONTO_C) VALUES
('01512240724222181765','4323104682062130');
INSERT INTO COLLEGATO(ID_CONTO_VIRTUALE_C,NUMERO_CONTO_C) VALUES
('62212477899903026032','4944670573395564');
INSERT INTO COLLEGATO(ID_CONTO_VIRTUALE_C,NUMERO_CONTO_C) VALUES
('98909592354694862223','4549496146399761');
INSERT INTO COLLEGATO(ID_CONTO_VIRTUALE_C,NUMERO_CONTO_C) VALUES
('23567494004133933985','4795338713159585');
INSERT INTO COLLEGATO(ID_CONTO_VIRTUALE_C,NUMERO_CONTO_C) VALUES
('54877171659893100303','4104071187881121');
INSERT INTO COLLEGATO(ID_CONTO_VIRTUALE_C,NUMERO_CONTO_C) VALUES
('93198248687343734208','4462202027956130');
INSERT INTO COLLEGATO(ID_CONTO_VIRTUALE_C,NUMERO_CONTO_C) VALUES
('41511155148661334592','4295786297006975');
INSERT INTO COLLEGATO(ID_CONTO_VIRTUALE_C,NUMERO_CONTO_C) VALUES
('90750606096442332998','4642587359242619');
INSERT INTO COLLEGATO(ID_CONTO_VIRTUALE_C,NUMERO_CONTO_C) VALUES
('58943089192220376208','4204686029166503');
INSERT INTO COLLEGATO(ID_CONTO_VIRTUALE_C,NUMERO_CONTO_C) VALUES
('44028438510491620914','4330442763581136');
INSERT INTO COLLEGATO(ID_CONTO_VIRTUALE_C,NUMERO_CONTO_C) VALUES
('46446812560562476336','4436102995435906');

-- MOVIMENTO
-- ID_ORDINE SONO STATI GENERATI IN AUTOMATICO DAL SITO: https://www.lastpass.com/it/features/password-generator
-- INSERT INTO MOVIMENTO(ID_ORDINE,QUANTITA,DATA_M,FEE,TIPO_MOVIMENTO,ID_CONTO_VIRTUALE_M) VALUES
-- ('57060783237376279858',100,TO_TIMESTAMP(:ts_val, '2003-04-12 12:03:24.00'),1,1,'11013563144710829873');
INSERT INTO MOVIMENTO(ID_ORDINE,QUANTITA,DATA_M,FEE,TIPO_MOVIMENTO,ID_CONTO_VIRTUALE_M) VALUES
('57060783237376271012',100,NULL,1,1,'11013563144710829511');
INSERT INTO MOVIMENTO(ID_ORDINE,QUANTITA,DATA_M,FEE,TIPO_MOVIMENTO,ID_CONTO_VIRTUALE_M) VALUES
('42822805386516729582',100,NULL,1,2,'38480029763762467178');
INSERT INTO MOVIMENTO(ID_ORDINE,QUANTITA,DATA_M,FEE,TIPO_MOVIMENTO,ID_CONTO_VIRTUALE_M) VALUES
('20701081974674058003',100,NULL,1,1,'48650072646093264568');
INSERT INTO MOVIMENTO(ID_ORDINE,QUANTITA,DATA_M,FEE,TIPO_MOVIMENTO,ID_CONTO_VIRTUALE_M) VALUES
('70391751470373016292',100,NULL,1,2,'12722025187733601960');
INSERT INTO MOVIMENTO(ID_ORDINE,QUANTITA,DATA_M,FEE,TIPO_MOVIMENTO,ID_CONTO_VIRTUALE_M) VALUES
('46455527382439667011',100,NULL,1,1,'01512240724222181765');
INSERT INTO MOVIMENTO(ID_ORDINE,QUANTITA,DATA_M,FEE,TIPO_MOVIMENTO,ID_CONTO_VIRTUALE_M) VALUES
('82663057179655201449',100,NULL,1,1,'62212477899903026032');
INSERT INTO MOVIMENTO(ID_ORDINE,QUANTITA,DATA_M,FEE,TIPO_MOVIMENTO,ID_CONTO_VIRTUALE_M) VALUES
('96744318979879172515',100,NULL,1,2,'98909592354694862223');
INSERT INTO MOVIMENTO(ID_ORDINE,QUANTITA,DATA_M,FEE,TIPO_MOVIMENTO,ID_CONTO_VIRTUALE_M) VALUES
('91901863882847388306',100,NULL,1,2,'23567494004133933985');
INSERT INTO MOVIMENTO(ID_ORDINE,QUANTITA,DATA_M,FEE,TIPO_MOVIMENTO,ID_CONTO_VIRTUALE_M) VALUES
('10002023031817252629',100,NULL,1,2,'54877171659893100303');
INSERT INTO MOVIMENTO(ID_ORDINE,QUANTITA,DATA_M,FEE,TIPO_MOVIMENTO,ID_CONTO_VIRTUALE_M) VALUES
('85884140368549189487',100,NULL,1,1,'93198248687343734208');
INSERT INTO MOVIMENTO(ID_ORDINE,QUANTITA,DATA_M,FEE,TIPO_MOVIMENTO,ID_CONTO_VIRTUALE_M) VALUES
('44024216073433782511',100,NULL,1,1,'41511155148661334592');
INSERT INTO MOVIMENTO(ID_ORDINE,QUANTITA,DATA_M,FEE,TIPO_MOVIMENTO,ID_CONTO_VIRTUALE_M) VALUES
('57121069937003999347',100,NULL,1,2,'90750606096442332998');
INSERT INTO MOVIMENTO(ID_ORDINE,QUANTITA,DATA_M,FEE,TIPO_MOVIMENTO,ID_CONTO_VIRTUALE_M) VALUES
('09173938304630113976',100,NULL,1,2,'58943089192220376208');
INSERT INTO MOVIMENTO(ID_ORDINE,QUANTITA,DATA_M,FEE,TIPO_MOVIMENTO,ID_CONTO_VIRTUALE_M) VALUES
('61286750337978716996',100,NULL,1,1,'44028438510491620914');
INSERT INTO MOVIMENTO(ID_ORDINE,QUANTITA,DATA_M,FEE,TIPO_MOVIMENTO,ID_CONTO_VIRTUALE_M) VALUES
('69470416959155906640',100,NULL,1,1,'46446812560562476336');

-- WALLET_DECENTRALIZZATO
-- INDIRIZZI GENERATI AUTOMATICAMNETE DAL SITO: https://passwordsgenerator.net/
INSERT INTO WALLET_DECENTRALIZZATO(INDIRIZZO,NOME_WALLET,BLOCKCHAIN1,BLOCKCHAIN2,BLOCKCHAIN3,BLOCKCHAIN4,BLOCKCHAIN5) VALUES
('0xlmt9ivxtbwyz1ea6bbxxfc1vve5f5ni82i69d55y','METAMASK','BSC','ETH','BTC',NULL,NULL);
INSERT INTO WALLET_DECENTRALIZZATO(INDIRIZZO,NOME_WALLET,BLOCKCHAIN1,BLOCKCHAIN2,BLOCKCHAIN3,BLOCKCHAIN4,BLOCKCHAIN5) VALUES
('0xijxtui3dbzq8zb5un8q2j0c7c3aj4izdt2wtb2cz','Ledger Nano X','SOL','MATIC','BTC',NULL,NULL);
INSERT INTO WALLET_DECENTRALIZZATO(INDIRIZZO,NOME_WALLET,BLOCKCHAIN1,BLOCKCHAIN2,BLOCKCHAIN3,BLOCKCHAIN4,BLOCKCHAIN5) VALUES
('0x8nvkcl3uwcpl6wiicoccxyfseablinagb13v3qyl','Trustwallet ','SOL','ETH',NULL,NULL,NULL);
INSERT INTO WALLET_DECENTRALIZZATO(INDIRIZZO,NOME_WALLET,BLOCKCHAIN1,BLOCKCHAIN2,BLOCKCHAIN3,BLOCKCHAIN4,BLOCKCHAIN5) VALUES
('0xmym0sh9myym61f4xrpi4vy791399yzzsar6k4lyx','Binance Wallet','BSC','ETH','BTC',NULL,NULL);
INSERT INTO WALLET_DECENTRALIZZATO(INDIRIZZO,NOME_WALLET,BLOCKCHAIN1,BLOCKCHAIN2,BLOCKCHAIN3,BLOCKCHAIN4,BLOCKCHAIN5) VALUES
('0x5ba7pnbhbqughrpbuj1k28i2ama5e2fwvljrpzdd','Coinbase','BSC','ETH','BTC',NULL,NULL);
INSERT INTO WALLET_DECENTRALIZZATO(INDIRIZZO,NOME_WALLET,BLOCKCHAIN1,BLOCKCHAIN2,BLOCKCHAIN3,BLOCKCHAIN4,BLOCKCHAIN5) VALUES
('0x96i266bnacvb1u74p12clbcnpwq02pnann5fa731','Electrum ','BSC','ETH','BTC',NULL,NULL);
INSERT INTO WALLET_DECENTRALIZZATO(INDIRIZZO,NOME_WALLET,BLOCKCHAIN1,BLOCKCHAIN2,BLOCKCHAIN3,BLOCKCHAIN4,BLOCKCHAIN5) VALUES
('0xc8t3flq69hvy380qi6oysvvr8on7li6p8ygdkpyy','Mycelium','BSC','ETH','BTC',NULL,NULL);
INSERT INTO WALLET_DECENTRALIZZATO(INDIRIZZO,NOME_WALLET,BLOCKCHAIN1,BLOCKCHAIN2,BLOCKCHAIN3,BLOCKCHAIN4,BLOCKCHAIN5) VALUES
('0x12av8547vd8q4lljdwinm5lj74105vimz2z1s5db','Exodus','BSC','ETH','BTC',NULL,NULL);
INSERT INTO WALLET_DECENTRALIZZATO(INDIRIZZO,NOME_WALLET,BLOCKCHAIN1,BLOCKCHAIN2,BLOCKCHAIN3,BLOCKCHAIN4,BLOCKCHAIN5) VALUES
('0xdfdspx7twt09mx0w42usc9e6wp1egd6esk1oy7f8','PHANTOM','BSC','ETH','BTC',NULL,NULL);
INSERT INTO WALLET_DECENTRALIZZATO(INDIRIZZO,NOME_WALLET,BLOCKCHAIN1,BLOCKCHAIN2,BLOCKCHAIN3,BLOCKCHAIN4,BLOCKCHAIN5) VALUES
('0xhibi23anl7na3clskj7tvdnhcmllz3ontvx6bv5x','Coin98','BSC','ETH','BTC',NULL,NULL);
INSERT INTO WALLET_DECENTRALIZZATO(INDIRIZZO,NOME_WALLET,BLOCKCHAIN1,BLOCKCHAIN2,BLOCKCHAIN3,BLOCKCHAIN4,BLOCKCHAIN5) VALUES
('0x9zkqk8sc996twtywhy34v7ffin4up2yi99xstanw','Coinbase','BSC','ETH','BTC',NULL,NULL);
INSERT INTO WALLET_DECENTRALIZZATO(INDIRIZZO,NOME_WALLET,BLOCKCHAIN1,BLOCKCHAIN2,BLOCKCHAIN3,BLOCKCHAIN4,BLOCKCHAIN5) VALUES
('0xtbin5n8obexgiwtam7f26jmnp2uxf5n0ukj1r93p','Trustwallet','BSC','ETH','BTC',NULL,NULL);
INSERT INTO WALLET_DECENTRALIZZATO(INDIRIZZO,NOME_WALLET,BLOCKCHAIN1,BLOCKCHAIN2,BLOCKCHAIN3,BLOCKCHAIN4,BLOCKCHAIN5) VALUES
('0xzq8u36rtgil05luoodb88b425hdc1y1qgmjp8xvs','PHANTOM','BSC','ETH','BTC',NULL,NULL);
INSERT INTO WALLET_DECENTRALIZZATO(INDIRIZZO,NOME_WALLET,BLOCKCHAIN1,BLOCKCHAIN2,BLOCKCHAIN3,BLOCKCHAIN4,BLOCKCHAIN5) VALUES
('0xchxdtxpfr2ebowd1j49lzsq3zxhzv0h2b25ppzkm','METAMASK','BSC','ETH','BTC',NULL,NULL);
INSERT INTO WALLET_DECENTRALIZZATO(INDIRIZZO,NOME_WALLET,BLOCKCHAIN1,BLOCKCHAIN2,BLOCKCHAIN3,BLOCKCHAIN4,BLOCKCHAIN5) VALUES
('0xpl00bhchgdo6xh0d4eque2ab929080o0divv7baz','Electrum','BSC','ETH','BTC',NULL,NULL);

-- ASSOCIATO
INSERT INTO ASSOCIATO(ID_CONTO_VIRTUALE_A,INDIRIZZO_W) VALUES
('11013563144710829511','0xlmt9ivxtbwyz1ea6bbxxfc1vve5f5ni82i69d55y');
INSERT INTO ASSOCIATO(ID_CONTO_VIRTUALE_A,INDIRIZZO_W) VALUES
('38480029763762467178','0xijxtui3dbzq8zb5un8q2j0c7c3aj4izdt2wtb2cz');
INSERT INTO ASSOCIATO(ID_CONTO_VIRTUALE_A,INDIRIZZO_W) VALUES
('48650072646093264568','0x8nvkcl3uwcpl6wiicoccxyfseablinagb13v3qyl');
INSERT INTO ASSOCIATO(ID_CONTO_VIRTUALE_A,INDIRIZZO_W) VALUES
('12722025187733601960','0xmym0sh9myym61f4xrpi4vy791399yzzsar6k4lyx');
INSERT INTO ASSOCIATO(ID_CONTO_VIRTUALE_A,INDIRIZZO_W) VALUES
('01512240724222181765','0x5ba7pnbhbqughrpbuj1k28i2ama5e2fwvljrpzdd');
INSERT INTO ASSOCIATO(ID_CONTO_VIRTUALE_A,INDIRIZZO_W) VALUES
('62212477899903026032','0x96i266bnacvb1u74p12clbcnpwq02pnann5fa731');
INSERT INTO ASSOCIATO(ID_CONTO_VIRTUALE_A,INDIRIZZO_W) VALUES
('98909592354694862223','0xc8t3flq69hvy380qi6oysvvr8on7li6p8ygdkpyy');
INSERT INTO ASSOCIATO(ID_CONTO_VIRTUALE_A,INDIRIZZO_W) VALUES
('23567494004133933985','0x12av8547vd8q4lljdwinm5lj74105vimz2z1s5db');
INSERT INTO ASSOCIATO(ID_CONTO_VIRTUALE_A,INDIRIZZO_W) VALUES
('54877171659893100303','0xdfdspx7twt09mx0w42usc9e6wp1egd6esk1oy7f8');
INSERT INTO ASSOCIATO(ID_CONTO_VIRTUALE_A,INDIRIZZO_W) VALUES
('93198248687343734208','0xhibi23anl7na3clskj7tvdnhcmllz3ontvx6bv5x');
INSERT INTO ASSOCIATO(ID_CONTO_VIRTUALE_A,INDIRIZZO_W) VALUES
('41511155148661334592','0x9zkqk8sc996twtywhy34v7ffin4up2yi99xstanw');
INSERT INTO ASSOCIATO(ID_CONTO_VIRTUALE_A,INDIRIZZO_W) VALUES
('90750606096442332998','0xtbin5n8obexgiwtam7f26jmnp2uxf5n0ukj1r93p');
INSERT INTO ASSOCIATO(ID_CONTO_VIRTUALE_A,INDIRIZZO_W) VALUES
('58943089192220376208','0xzq8u36rtgil05luoodb88b425hdc1y1qgmjp8xvs');
INSERT INTO ASSOCIATO(ID_CONTO_VIRTUALE_A,INDIRIZZO_W) VALUES
('44028438510491620914','0xchxdtxpfr2ebowd1j49lzsq3zxhzv0h2b25ppzkm');
INSERT INTO ASSOCIATO(ID_CONTO_VIRTUALE_A,INDIRIZZO_W) VALUES
('46446812560562476336','0xpl00bhchgdo6xh0d4eque2ab929080o0divv7baz');

-- EXCHANGE DECENTRALIZZATO
INSERT INTO EXCHANGE_DECENTRALIZZATO(NOME_EXCHANGE,BLOCKCHAIN) VALUES
('pancakeswap','BSC');
INSERT INTO EXCHANGE_DECENTRALIZZATO(NOME_EXCHANGE,BLOCKCHAIN) VALUES
('UNISWAP','ETH');
INSERT INTO EXCHANGE_DECENTRALIZZATO(NOME_EXCHANGE,BLOCKCHAIN) VALUES
('dYdX','ETH');
INSERT INTO EXCHANGE_DECENTRALIZZATO(NOME_EXCHANGE,BLOCKCHAIN) VALUES
('MDEX','ETH');
INSERT INTO EXCHANGE_DECENTRALIZZATO(NOME_EXCHANGE,BLOCKCHAIN) VALUES
('SushiSwap','ETH');
INSERT INTO EXCHANGE_DECENTRALIZZATO(NOME_EXCHANGE,BLOCKCHAIN) VALUES
('BurgerSwap','BSC');
INSERT INTO EXCHANGE_DECENTRALIZZATO(NOME_EXCHANGE,BLOCKCHAIN) VALUES
('Justswap','TRON');
INSERT INTO EXCHANGE_DECENTRALIZZATO(NOME_EXCHANGE,BLOCKCHAIN) VALUES
('Bisq','Bisq');
INSERT INTO EXCHANGE_DECENTRALIZZATO(NOME_EXCHANGE,BLOCKCHAIN) VALUES
('Honeyswap','ETH');
INSERT INTO EXCHANGE_DECENTRALIZZATO(NOME_EXCHANGE,BLOCKCHAIN) VALUES
('DeFi Swap','DEFC');
INSERT INTO EXCHANGE_DECENTRALIZZATO(NOME_EXCHANGE,BLOCKCHAIN) VALUES
('ABB','ABB');
INSERT INTO EXCHANGE_DECENTRALIZZATO(NOME_EXCHANGE,BLOCKCHAIN) VALUES
('TRA','ETH');
INSERT INTO EXCHANGE_DECENTRALIZZATO(NOME_EXCHANGE,BLOCKCHAIN) VALUES
('PRO','BSC');
INSERT INTO EXCHANGE_DECENTRALIZZATO(NOME_EXCHANGE,BLOCKCHAIN) VALUES
('SALSWAP','TRON');
INSERT INTO EXCHANGE_DECENTRALIZZATO(NOME_EXCHANGE,BLOCKCHAIN) VALUES
('CUMASWAP','ETH');

-- UNITO
INSERT INTO UNITO(INDIRIZZO_W_U,NOME_EXCHANGE_U) VALUES
('0xlmt9ivxtbwyz1ea6bbxxfc1vve5f5ni82i69d55y','pancakeswap');
INSERT INTO UNITO(INDIRIZZO_W_U,NOME_EXCHANGE_U) VALUES
('0xijxtui3dbzq8zb5un8q2j0c7c3aj4izdt2wtb2cz','UNISWAP');
INSERT INTO UNITO(INDIRIZZO_W_U,NOME_EXCHANGE_U) VALUES
('0x8nvkcl3uwcpl6wiicoccxyfseablinagb13v3qyl','dYdX');
INSERT INTO UNITO(INDIRIZZO_W_U,NOME_EXCHANGE_U) VALUES
('0xmym0sh9myym61f4xrpi4vy791399yzzsar6k4lyx','MDEX');
INSERT INTO UNITO(INDIRIZZO_W_U,NOME_EXCHANGE_U) VALUES
('0x5ba7pnbhbqughrpbuj1k28i2ama5e2fwvljrpzdd','SushiSwap');
INSERT INTO UNITO(INDIRIZZO_W_U,NOME_EXCHANGE_U) VALUES
('0x96i266bnacvb1u74p12clbcnpwq02pnann5fa731','BurgerSwap');
INSERT INTO UNITO(INDIRIZZO_W_U,NOME_EXCHANGE_U) VALUES
('0xc8t3flq69hvy380qi6oysvvr8on7li6p8ygdkpyy','Justswap');
INSERT INTO UNITO(INDIRIZZO_W_U,NOME_EXCHANGE_U) VALUES
('0x12av8547vd8q4lljdwinm5lj74105vimz2z1s5db','Bisq');
INSERT INTO UNITO(INDIRIZZO_W_U,NOME_EXCHANGE_U) VALUES
('0xdfdspx7twt09mx0w42usc9e6wp1egd6esk1oy7f8','Honeyswap');
INSERT INTO UNITO(INDIRIZZO_W_U,NOME_EXCHANGE_U) VALUES
('0xhibi23anl7na3clskj7tvdnhcmllz3ontvx6bv5x','DeFi Swap');
INSERT INTO UNITO(INDIRIZZO_W_U,NOME_EXCHANGE_U) VALUES
('0x9zkqk8sc996twtywhy34v7ffin4up2yi99xstanw','ABB');
INSERT INTO UNITO(INDIRIZZO_W_U,NOME_EXCHANGE_U) VALUES
('0xtbin5n8obexgiwtam7f26jmnp2uxf5n0ukj1r93p','TRA');
INSERT INTO UNITO(INDIRIZZO_W_U,NOME_EXCHANGE_U) VALUES
('0xzq8u36rtgil05luoodb88b425hdc1y1qgmjp8xvs','PRO');
INSERT INTO UNITO(INDIRIZZO_W_U,NOME_EXCHANGE_U) VALUES
('0xchxdtxpfr2ebowd1j49lzsq3zxhzv0h2b25ppzkm','SALSWAP');
INSERT INTO UNITO(INDIRIZZO_W_U,NOME_EXCHANGE_U) VALUES
('0xpl00bhchgdo6xh0d4eque2ab929080o0divv7baz','CUMASWAP');

-- REWARDS
INSERT INTO REWARDS(CODICE,QUANTITA,BLOCKCHAIN_R,CONTRATTO,DATA_RILASCIO,NOME_R_C,ID_CONTO_VIRTUALE_R) VALUES
('1118',10,'BSC','0xKaP7e0yhG0X0GHwZJnv7d3Oe0S0DGj6uovM4MDpL',TO_DATE('01/08/2022','DD/MM/YYYY'),'BNB','11013563144710829511');
INSERT INTO REWARDS(CODICE,QUANTITA,BLOCKCHAIN_R,CONTRATTO,DATA_RILASCIO,NOME_R_C,ID_CONTO_VIRTUALE_R) VALUES
('6278',9,'ETH','0xBd2wJZzbM2pORLVNnO4RptOcfBkGxjrQz4QSU58a',TO_DATE('10/07/2022','DD/MM/YYYY'),'ETH','38480029763762467178');
INSERT INTO REWARDS(CODICE,QUANTITA,BLOCKCHAIN_R,CONTRATTO,DATA_RILASCIO,NOME_R_C,ID_CONTO_VIRTUALE_R) VALUES
('7369',6,'BSC','0xzkR7GDGykwsNgxYZ4CXddEoDwR8qyJis8WlJVHFL',TO_DATE('02/09/2022','DD/MM/YYYY'),'BNB','48650072646093264568');
INSERT INTO REWARDS(CODICE,QUANTITA,BLOCKCHAIN_R,CONTRATTO,DATA_RILASCIO,NOME_R_C,ID_CONTO_VIRTUALE_R) VALUES
('9216',3,'ETH','0xu8Z2W5tkkw1TcSKYif2s8YK3wk4MF0gM47zmlrYO',TO_DATE('06/07/2022','DD/MM/YYYY'),'ETH','12722025187733601960');
INSERT INTO REWARDS(CODICE,QUANTITA,BLOCKCHAIN_R,CONTRATTO,DATA_RILASCIO,NOME_R_C,ID_CONTO_VIRTUALE_R) VALUES
('9938',2,'BSC','0xh8TvA7bDkLX8Yc99n0EESU57UzpolyGXlgcU4A95',TO_DATE('28/08/2022','DD/MM/YYYY'),'BNB','01512240724222181765');
INSERT INTO REWARDS(CODICE,QUANTITA,BLOCKCHAIN_R,CONTRATTO,DATA_RILASCIO,NOME_R_C,ID_CONTO_VIRTUALE_R) VALUES
('9512',11,'ETH','0xDKz5vEF9VkxO3oq1Ux1aTsNmDUXd0rLoroYsFzKC',TO_DATE('12/07/2022','DD/MM/YYYY'),'ETH','62212477899903026032');
INSERT INTO REWARDS(CODICE,QUANTITA,BLOCKCHAIN_R,CONTRATTO,DATA_RILASCIO,NOME_R_C,ID_CONTO_VIRTUALE_R) VALUES
('7958',15,'BSC','0xrELvB9ntPv2eCqfdG1QFniSaYZ1y3IR1U09UrHBc',TO_DATE('18/10/2022','DD/MM/YYYY'),'BNB','98909592354694862223');
INSERT INTO REWARDS(CODICE,QUANTITA,BLOCKCHAIN_R,CONTRATTO,DATA_RILASCIO,NOME_R_C,ID_CONTO_VIRTUALE_R) VALUES
('9335',20,'ETH','0xEkRSlq7AQ2vqYE9g8k0Rf4ipIHx46z73XdEvFbWa',TO_DATE('16/11/2022','DD/MM/YYYY'),'ETH','23567494004133933985');
INSERT INTO REWARDS(CODICE,QUANTITA,BLOCKCHAIN_R,CONTRATTO,DATA_RILASCIO,NOME_R_C,ID_CONTO_VIRTUALE_R) VALUES
('5620',23,'ETH','0xKVcBgk5XuygOsGJNIeEUU6CckWkfE7FpwOaFWvfF',TO_DATE('14/12/2022','DD/MM/YYYY'),'ETH','54877171659893100303');
INSERT INTO REWARDS(CODICE,QUANTITA,BLOCKCHAIN_R,CONTRATTO,DATA_RILASCIO,NOME_R_C,ID_CONTO_VIRTUALE_R) VALUES
('2892',11,'BSC','0x3YOI9r2kvIzinPbiAyaIDOb2QpacYnkvajrYT5wG',TO_DATE('01/11/2022','DD/MM/YYYY'),'BNB','93198248687343734208');
INSERT INTO REWARDS(CODICE,QUANTITA,BLOCKCHAIN_R,CONTRATTO,DATA_RILASCIO,NOME_R_C,ID_CONTO_VIRTUALE_R) VALUES
('2925',2,'ETH','0xQN3S3CqUhLG0l131Ql4g8nfG6hPyXyscdmrJhLtT',TO_DATE('09/10/2022','DD/MM/YYYY'),'ETH','41511155148661334592');
INSERT INTO REWARDS(CODICE,QUANTITA,BLOCKCHAIN_R,CONTRATTO,DATA_RILASCIO,NOME_R_C,ID_CONTO_VIRTUALE_R) VALUES
('7475',1,'BSC','0xNscN2Do4gUu1AFv9eEm5mtVkJ0YUPgM4kq8QFdgW',TO_DATE('10/09/2022','DD/MM/YYYY'),'BNB','90750606096442332998');
INSERT INTO REWARDS(CODICE,QUANTITA,BLOCKCHAIN_R,CONTRATTO,DATA_RILASCIO,NOME_R_C,ID_CONTO_VIRTUALE_R) VALUES
('9703',5,'ETH','0x9Kirq8qLVea0Br6dXHAIzQSbabr1bRrEAbgmpxAO',TO_DATE('22/07/2022','DD/MM/YYYY'),'ETH','58943089192220376208');
INSERT INTO REWARDS(CODICE,QUANTITA,BLOCKCHAIN_R,CONTRATTO,DATA_RILASCIO,NOME_R_C,ID_CONTO_VIRTUALE_R) VALUES
('3255',8,'BSC','0xv0ge0OHXHADwS1ZZYdWy2zNYLklBXeiXSu9ZIUSS',TO_DATE('24/09/2022','DD/MM/YYYY'),'BNB','44028438510491620914');
INSERT INTO REWARDS(CODICE,QUANTITA,BLOCKCHAIN_R,CONTRATTO,DATA_RILASCIO,NOME_R_C,ID_CONTO_VIRTUALE_R) VALUES
('2517',9,'ETH','0xsM4ycsnozyyYWF6r5z0EzS8ljYbXkN2mbMlw0vho',TO_DATE('26/07/2022','DD/MM/YYYY'),'ETH','46446812560562476336');

-- PIATTAFORMA EXCHANGE
INSERT INTO PIATTAFORMA_EXCHANGE(NOME_PIATTAFORMA,TOKEN_RIFERIMENTO,ID_CONTO_VIRTUALE_P) VALUES
('BINANCE','BNB','11013563144710829511');
INSERT INTO PIATTAFORMA_EXCHANGE(NOME_PIATTAFORMA,TOKEN_RIFERIMENTO,ID_CONTO_VIRTUALE_P) VALUES
('CRYPTO.COM','CRO','38480029763762467178');
INSERT INTO PIATTAFORMA_EXCHANGE(NOME_PIATTAFORMA,TOKEN_RIFERIMENTO,ID_CONTO_VIRTUALE_P) VALUES
('BITPANDA',NULL,'48650072646093264568');
INSERT INTO PIATTAFORMA_EXCHANGE(NOME_PIATTAFORMA,TOKEN_RIFERIMENTO,ID_CONTO_VIRTUALE_P) VALUES
('YOUNGPLATFORM','YNG','12722025187733601960');
INSERT INTO PIATTAFORMA_EXCHANGE(NOME_PIATTAFORMA,TOKEN_RIFERIMENTO,ID_CONTO_VIRTUALE_P) VALUES
('STREETBEAT',NULL,'01512240724222181765');
INSERT INTO PIATTAFORMA_EXCHANGE(NOME_PIATTAFORMA,TOKEN_RIFERIMENTO,ID_CONTO_VIRTUALE_P) VALUES
('Coinbase',NULL,'62212477899903026032');
INSERT INTO PIATTAFORMA_EXCHANGE(NOME_PIATTAFORMA,TOKEN_RIFERIMENTO,ID_CONTO_VIRTUALE_P) VALUES
('TRT',NULL,'98909592354694862223');
INSERT INTO PIATTAFORMA_EXCHANGE(NOME_PIATTAFORMA,TOKEN_RIFERIMENTO,ID_CONTO_VIRTUALE_P) VALUES
('Kraken',NULL,'23567494004133933985');
INSERT INTO PIATTAFORMA_EXCHANGE(NOME_PIATTAFORMA,TOKEN_RIFERIMENTO,ID_CONTO_VIRTUALE_P) VALUES
('CEX.IO',NULL,'54877171659893100303');
INSERT INTO PIATTAFORMA_EXCHANGE(NOME_PIATTAFORMA,TOKEN_RIFERIMENTO,ID_CONTO_VIRTUALE_P) VALUES
('BITSTAMP',NULL,'93198248687343734208');
INSERT INTO PIATTAFORMA_EXCHANGE(NOME_PIATTAFORMA,TOKEN_RIFERIMENTO,ID_CONTO_VIRTUALE_P) VALUES
('POLONIEX',NULL,'41511155148661334592');
INSERT INTO PIATTAFORMA_EXCHANGE(NOME_PIATTAFORMA,TOKEN_RIFERIMENTO,ID_CONTO_VIRTUALE_P) VALUES
('OKX',NULL,'90750606096442332998');
INSERT INTO PIATTAFORMA_EXCHANGE(NOME_PIATTAFORMA,TOKEN_RIFERIMENTO,ID_CONTO_VIRTUALE_P) VALUES
('HUBI',NULL,'58943089192220376208');
INSERT INTO PIATTAFORMA_EXCHANGE(NOME_PIATTAFORMA,TOKEN_RIFERIMENTO,ID_CONTO_VIRTUALE_P) VALUES
('SPECTROCOIN',NULL,'44028438510491620914');
INSERT INTO PIATTAFORMA_EXCHANGE(NOME_PIATTAFORMA,TOKEN_RIFERIMENTO,ID_CONTO_VIRTUALE_P) VALUES
('CAPITAL.COM',NULL,'46446812560562476336');

-- OPERAZIONE
INSERT INTO OPERAZIONE(TX_HASH,PREZZO,NOME_PROGETTO,CONTRATTO_O,QUANTITA_O,DATA_O,ID_CONTO_VIRTUALE_O) VALUES
('0xzibx1k4mlts22wlfbe5202beqho4nzmoyzd1nvh8r0wsg32i8vk5j7tllun2morb',10,'COC','0xKaP7e0yhG0X0GHwZJnv7d3Oe0S0DGj6uovM4MDpL',20,TO_DATE('10/09/2022','DD/MM/YYYY'),'11013563144710829511');
INSERT INTO OPERAZIONE(TX_HASH,PREZZO,NOME_PROGETTO,CONTRATTO_O,QUANTITA_O,DATA_O,ID_CONTO_VIRTUALE_O) VALUES
('0xqmkjdp6pvb9te765geai0ljk73vu96rkdhxkhzkk1g9l8sbkfihycbif77uz6kyj',9,'BNB','0xBd2wJZzbM2pORLVNnO4RptOcfBkGxjrQz4QSU58a',200,TO_DATE('10/09/2022','DD/MM/YYYY'),'38480029763762467178');
INSERT INTO OPERAZIONE(TX_HASH,PREZZO,NOME_PROGETTO,CONTRATTO_O,QUANTITA_O,DATA_O,ID_CONTO_VIRTUALE_O) VALUES
('0xo50uan37p7v92scc608h4pg6mn5swlyj0po93tx258ce02qu0m1qbnp55rru8hlx',8,'ETH','0xzkR7GDGykwsNgxYZ4CXddEoDwR8qyJis8WlJVHFL',10,TO_DATE('10/09/2022','DD/MM/YYYY'),'48650072646093264568');
INSERT INTO OPERAZIONE(TX_HASH,PREZZO,NOME_PROGETTO,CONTRATTO_O,QUANTITA_O,DATA_O,ID_CONTO_VIRTUALE_O) VALUES
('0x40g0q1v9jsb5l7qqh4b6u9j1zawwpavde75ozn73y50zbrms73gzb5u7bh2aa36j',1,'BTC','0xu8Z2W5tkkw1TcSKYif2s8YK3wk4MF0gM47zmlrYO',100,TO_DATE('10/09/2022','DD/MM/YYYY'),'12722025187733601960');
INSERT INTO OPERAZIONE(TX_HASH,PREZZO,NOME_PROGETTO,CONTRATTO_O,QUANTITA_O,DATA_O,ID_CONTO_VIRTUALE_O) VALUES
('0x8ebm3s3m2svw6ry83f8dkadnhhu5egop2br768g6nwtb3ii26xpttk6mih01dwyc',3,'SOL','0xh8TvA7bDkLX8Yc99n0EESU57UzpolyGXlgcU4A95',120,TO_DATE('10/09/2022','DD/MM/YYYY'),'01512240724222181765');
INSERT INTO OPERAZIONE(TX_HASH,PREZZO,NOME_PROGETTO,CONTRATTO_O,QUANTITA_O,DATA_O,ID_CONTO_VIRTUALE_O) VALUES
('0x7fhr28dkhohvb9tynrkqb4k8grccu52qv59p8yaa0bsgy26udletp2wmgt8y001h',34,'MATIC','0xDKz5vEF9VkxO3oq1Ux1aTsNmDUXd0rLoroYsFzKC',50,TO_DATE('10/09/2022','DD/MM/YYYY'),'62212477899903026032');
INSERT INTO OPERAZIONE(TX_HASH,PREZZO,NOME_PROGETTO,CONTRATTO_O,QUANTITA_O,DATA_O,ID_CONTO_VIRTUALE_O) VALUES
('0xin3gahvxuh3bgwryxqsp23ztlchh6oqk63ooumi984mn0gsmtgs2hl9rsxjjvk30',45,'CRO','0xrELvB9ntPv2eCqfdG1QFniSaYZ1y3IR1U09UrHBc',40,TO_DATE('10/09/2022','DD/MM/YYYY'),'98909592354694862223');
INSERT INTO OPERAZIONE(TX_HASH,PREZZO,NOME_PROGETTO,CONTRATTO_O,QUANTITA_O,DATA_O,ID_CONTO_VIRTUALE_O) VALUES
('0x342s06fdtadwuxja16jsf2mhl2o15044r2jkwm9o374papfawjbhx79azmqtz0d3',78,'DOGEDI','0xEkRSlq7AQ2vqYE9g8k0Rf4ipIHx46z73XdEvFbWa',30,TO_DATE('10/09/2022','DD/MM/YYYY'),'23567494004133933985');
INSERT INTO OPERAZIONE(TX_HASH,PREZZO,NOME_PROGETTO,CONTRATTO_O,QUANTITA_O,DATA_O,ID_CONTO_VIRTUALE_O) VALUES
('0xhpex4gjtaxqdgjj57ohpvg0fuqlqr0ujfgzv7uujpxrk3gb37nqid1iw71uqd67f',65,'COC','0xKVcBgk5XuygOsGJNIeEUU6CckWkfE7FpwOaFWvfF',20,TO_DATE('10/09/2022','DD/MM/YYYY'),'54877171659893100303');
INSERT INTO OPERAZIONE(TX_HASH,PREZZO,NOME_PROGETTO,CONTRATTO_O,QUANTITA_O,DATA_O,ID_CONTO_VIRTUALE_O) VALUES
('0xheeggul2la43yoe9nc2kkb6hu7cqjp1a0x00m1ozk5ebfq7hpzt2b04nh08di6x6',12,'BNB','0x3YOI9r2kvIzinPbiAyaIDOb2QpacYnkvajrYT5wG',2,TO_DATE('10/09/2022','DD/MM/YYYY'),'93198248687343734208');
INSERT INTO OPERAZIONE(TX_HASH,PREZZO,NOME_PROGETTO,CONTRATTO_O,QUANTITA_O,DATA_O,ID_CONTO_VIRTUALE_O) VALUES
('0xxuntvqi1g9mynw5dm4gaxq8e5pvodss21b4ahg5uc4g8rcgienedic8df7eum63k',11,'BTC','0xQN3S3CqUhLG0l131Ql4g8nfG6hPyXyscdmrJhLtT',1,TO_DATE('10/09/2022','DD/MM/YYYY'),'41511155148661334592');
INSERT INTO OPERAZIONE(TX_HASH,PREZZO,NOME_PROGETTO,CONTRATTO_O,QUANTITA_O,DATA_O,ID_CONTO_VIRTUALE_O) VALUES
('0x94p6hw54pnp5shg4y7nqg97dc7ngg47hvx7z487llj2bt99vq2brgwpv0esaa0zf',4,'ETH','0xNscN2Do4gUu1AFv9eEm5mtVkJ0YUPgM4kq8QFdgW',189,TO_DATE('10/09/2022','DD/MM/YYYY'),'90750606096442332998');
INSERT INTO OPERAZIONE(TX_HASH,PREZZO,NOME_PROGETTO,CONTRATTO_O,QUANTITA_O,DATA_O,ID_CONTO_VIRTUALE_O) VALUES
('0x1620zgmpwjythq1b8rdzet0mzmh1fug1q9wlnvr218o2vnd12intlqo2hjm252nc',2,'SOL','0x9Kirq8qLVea0Br6dXHAIzQSbabr1bRrEAbgmpxAO',345,TO_DATE('10/09/2022','DD/MM/YYYY'),'58943089192220376208');
INSERT INTO OPERAZIONE(TX_HASH,PREZZO,NOME_PROGETTO,CONTRATTO_O,QUANTITA_O,DATA_O,ID_CONTO_VIRTUALE_O) VALUES
('0xr4nwt2upy17yb8z9a1g8hsmb6f4d7g5u70gky6zpb5uoc9l7xez9b64v7y3fgyiw',24,'MATIC','0xv0ge0OHXHADwS1ZZYdWy2zNYLklBXeiXSu9ZIUSS',231,TO_DATE('10/09/2022','DD/MM/YYYY'),'44028438510491620914');
INSERT INTO OPERAZIONE(TX_HASH,PREZZO,NOME_PROGETTO,CONTRATTO_O,QUANTITA_O,DATA_O,ID_CONTO_VIRTUALE_O) VALUES
('0xa9e8r3v0d8ddkys9aki57iz53hs14r7recr77x2kefnflc16wjohfv0k5ubqxjqz',32,'COC','0xsM4ycsnozyyYWF6r5z0EzS8ljYbXkN2mbMlw0vho',231,TO_DATE('10/09/2022','DD/MM/YYYY'),'46446812560562476336');

-- ACQUISTO
INSERT INTO ACQUISTO(TX_HASH_A,FROM_A) VALUES
('0xzibx1k4mlts22wlfbe5202beqho4nzmoyzd1nvh8r0wsg32i8vk5j7tllun2morb','0xe754aFC02Fa6Af2BfDE226f010124d38d2150b7A');
INSERT INTO ACQUISTO(TX_HASH_A,FROM_A) VALUES
('0xqmkjdp6pvb9te765geai0ljk73vu96rkdhxkhzkk1g9l8sbkfihycbif77uz6kyj','0xe754aFC02Fa6Af2BfDE226f010124d38d2150b7A');
INSERT INTO ACQUISTO(TX_HASH_A,FROM_A) VALUES
('0xo50uan37p7v92scc608h4pg6mn5swlyj0po93tx258ce02qu0m1qbnp55rru8hlx','0xe754aFC02Fa6Af2BfDE226f010124d38d2150b7A');
INSERT INTO ACQUISTO(TX_HASH_A,FROM_A) VALUES
('0x40g0q1v9jsb5l7qqh4b6u9j1zawwpavde75ozn73y50zbrms73gzb5u7bh2aa36j','0xe754aFC02Fa6Af2BfDE226f010124d38d2150b7A');
INSERT INTO ACQUISTO(TX_HASH_A,FROM_A) VALUES
('0x8ebm3s3m2svw6ry83f8dkadnhhu5egop2br768g6nwtb3ii26xpttk6mih01dwyc','0xe754aFC02Fa6Af2BfDE226f010124d38d2150b7A');
INSERT INTO ACQUISTO(TX_HASH_A,FROM_A) VALUES
('0x7fhr28dkhohvb9tynrkqb4k8grccu52qv59p8yaa0bsgy26udletp2wmgt8y001h','0xe754aFC02Fa6Af2BfDE226f010124d38d2150b7A');
INSERT INTO ACQUISTO(TX_HASH_A,FROM_A) VALUES
('0xin3gahvxuh3bgwryxqsp23ztlchh6oqk63ooumi984mn0gsmtgs2hl9rsxjjvk30','0xe754aFC02Fa6Af2BfDE226f010124d38d2150b7A');
INSERT INTO ACQUISTO(TX_HASH_A,FROM_A) VALUES
('0x342s06fdtadwuxja16jsf2mhl2o15044r2jkwm9o374papfawjbhx79azmqtz0d3','0xe754aFC02Fa6Af2BfDE226f010124d38d2150b7A');
INSERT INTO ACQUISTO(TX_HASH_A,FROM_A) VALUES
('0xhpex4gjtaxqdgjj57ohpvg0fuqlqr0ujfgzv7uujpxrk3gb37nqid1iw71uqd67f','0xe754aFC02Fa6Af2BfDE226f010124d38d2150b7A');
INSERT INTO ACQUISTO(TX_HASH_A,FROM_A) VALUES
('0xheeggul2la43yoe9nc2kkb6hu7cqjp1a0x00m1ozk5ebfq7hpzt2b04nh08di6x6','0xe754aFC02Fa6Af2BfDE226f010124d38d2150b7A');
INSERT INTO ACQUISTO(TX_HASH_A,FROM_A) VALUES
('0xxuntvqi1g9mynw5dm4gaxq8e5pvodss21b4ahg5uc4g8rcgienedic8df7eum63k','0xe754aFC02Fa6Af2BfDE226f010124d38d2150b7A');
INSERT INTO ACQUISTO(TX_HASH_A,FROM_A) VALUES
('0x94p6hw54pnp5shg4y7nqg97dc7ngg47hvx7z487llj2bt99vq2brgwpv0esaa0zf','0xe754aFC02Fa6Af2BfDE226f010124d38d2150b7A');
INSERT INTO ACQUISTO(TX_HASH_A,FROM_A) VALUES
('0x1620zgmpwjythq1b8rdzet0mzmh1fug1q9wlnvr218o2vnd12intlqo2hjm252nc','0xe754aFC02Fa6Af2BfDE226f010124d38d2150b7A');
INSERT INTO ACQUISTO(TX_HASH_A,FROM_A) VALUES
('0xr4nwt2upy17yb8z9a1g8hsmb6f4d7g5u70gky6zpb5uoc9l7xez9b64v7y3fgyiw','0xe754aFC02Fa6Af2BfDE226f010124d38d2150b7A');
INSERT INTO ACQUISTO(TX_HASH_A,FROM_A) VALUES
('0xa9e8r3v0d8ddkys9aki57iz53hs14r7recr77x2kefnflc16wjohfv0k5ubqxjqz','0xe754aFC02Fa6Af2BfDE226f010124d38d2150b7A');

-- VENDITA
INSERT INTO VENDITA(TX_HASH_V,TO_v) VALUES
('0xzibx1k4mlts22wlfbe5202beqho4nzmoyzd1nvh8r0wsg32i8vk5j7tllun2morb','0xe754aFC02Fa6Af2BfDE226f010124d38d2150b7A');
INSERT INTO VENDITA(TX_HASH_V,TO_v) VALUES
('0xqmkjdp6pvb9te765geai0ljk73vu96rkdhxkhzkk1g9l8sbkfihycbif77uz6kyj','0xe754aFC02Fa6Af2BfDE226f010124d38d2150b7A');
INSERT INTO VENDITA(TX_HASH_V,TO_v) VALUES
('0xo50uan37p7v92scc608h4pg6mn5swlyj0po93tx258ce02qu0m1qbnp55rru8hlx','0xe754aFC02Fa6Af2BfDE226f010124d38d2150b7A');
INSERT INTO VENDITA(TX_HASH_V,TO_v) VALUES
('0x40g0q1v9jsb5l7qqh4b6u9j1zawwpavde75ozn73y50zbrms73gzb5u7bh2aa36j','0xe754aFC02Fa6Af2BfDE226f010124d38d2150b7A');
INSERT INTO VENDITA(TX_HASH_V,TO_v) VALUES
('0x8ebm3s3m2svw6ry83f8dkadnhhu5egop2br768g6nwtb3ii26xpttk6mih01dwyc','0xe754aFC02Fa6Af2BfDE226f010124d38d2150b7A');
INSERT INTO VENDITA(TX_HASH_V,TO_v) VALUES
('0x7fhr28dkhohvb9tynrkqb4k8grccu52qv59p8yaa0bsgy26udletp2wmgt8y001h','0xe754aFC02Fa6Af2BfDE226f010124d38d2150b7A');
INSERT INTO VENDITA(TX_HASH_V,TO_v) VALUES
('0xin3gahvxuh3bgwryxqsp23ztlchh6oqk63ooumi984mn0gsmtgs2hl9rsxjjvk30','0xe754aFC02Fa6Af2BfDE226f010124d38d2150b7A');
INSERT INTO VENDITA(TX_HASH_V,TO_v) VALUES
('0x342s06fdtadwuxja16jsf2mhl2o15044r2jkwm9o374papfawjbhx79azmqtz0d3','0xe754aFC02Fa6Af2BfDE226f010124d38d2150b7A');
INSERT INTO VENDITA(TX_HASH_V,TO_v) VALUES
('0xhpex4gjtaxqdgjj57ohpvg0fuqlqr0ujfgzv7uujpxrk3gb37nqid1iw71uqd67f','0xe754aFC02Fa6Af2BfDE226f010124d38d2150b7A');
INSERT INTO VENDITA(TX_HASH_V,TO_v) VALUES
('0xheeggul2la43yoe9nc2kkb6hu7cqjp1a0x00m1ozk5ebfq7hpzt2b04nh08di6x6','0xe754aFC02Fa6Af2BfDE226f010124d38d2150b7A');
INSERT INTO VENDITA(TX_HASH_V,TO_v) VALUES
('0xxuntvqi1g9mynw5dm4gaxq8e5pvodss21b4ahg5uc4g8rcgienedic8df7eum63k','0xe754aFC02Fa6Af2BfDE226f010124d38d2150b7A');
INSERT INTO VENDITA(TX_HASH_V,TO_v) VALUES
('0x94p6hw54pnp5shg4y7nqg97dc7ngg47hvx7z487llj2bt99vq2brgwpv0esaa0zf','0xe754aFC02Fa6Af2BfDE226f010124d38d2150b7A');
INSERT INTO VENDITA(TX_HASH_V,TO_v) VALUES
('0x1620zgmpwjythq1b8rdzet0mzmh1fug1q9wlnvr218o2vnd12intlqo2hjm252nc','0xe754aFC02Fa6Af2BfDE226f010124d38d2150b7A');
INSERT INTO VENDITA(TX_HASH_V,TO_v) VALUES
('0xr4nwt2upy17yb8z9a1g8hsmb6f4d7g5u70gky6zpb5uoc9l7xez9b64v7y3fgyiw','0xe754aFC02Fa6Af2BfDE226f010124d38d2150b7A');
INSERT INTO VENDITA(TX_HASH_V,TO_v) VALUES
('0xa9e8r3v0d8ddkys9aki57iz53hs14r7recr77x2kefnflc16wjohfv0k5ubqxjqz','0xe754aFC02Fa6Af2BfDE226f010124d38d2150b7A');

COMMIT;
