-- UTENTE
INSERT INTO UTENTE(CF,DATA_DI_NASCITA,NAZIONALITA,NOME,COGNOME) VALUES
('DSRLRD90A01F839V',TO_DATE('01/06/1999','DD/MM/YYYY'),'ITALIA','ALFREDO','DESERTO');
INSERT INTO UTENTE(CF,DATA_DI_NASCITA,NAZIONALITA,NOME,COGNOME) VALUES
('RSSLCU80P15F839C',TO_DATE('10/04/2000','DD/MM/YYYY'),'AFRICA','LUCA','ROSSI');
INSERT INTO UTENTE(CF,DATA_DI_NASCITA,NAZIONALITA,NOME,COGNOME) VALUES
('VRDLGU79M19F839M',TO_DATE('28/08/1980','DD/MM/YYYY'),'AUSTRIA','LUIGI','VERDE');
INSERT INTO UTENTE(CF,DATA_DI_NASCITA,NAZIONALITA,NOME,COGNOME) VALUES
('BLULSS86S57F839T',TO_DATE('24/10/1981','DD/MM/YYYY'),'ISLANDA','ALESSIA','BLU');
INSERT INTO UTENTE(CF,DATA_DI_NASCITA,NAZIONALITA,NOME,COGNOME) VALUES
('VLINGL03D57F839E',TO_DATE('22/12/1970','DD/MM/YYYY'),'GERMANIA','ANGELA','VIOLA');
INSERT INTO UTENTE(CF,DATA_DI_NASCITA,NAZIONALITA,NOME,COGNOME) VALUES
('CHRMTN75P58F839A',TO_DATE('02/11/1990','DD/MM/YYYY'),'OLANDA','MARTINA','CHAIRO');
INSERT INTO UTENTE(CF,DATA_DI_NASCITA,NAZIONALITA,NOME,COGNOME) VALUES
('PCCCHR78L61F839Z',TO_DATE('12/02/2002','DD/MM/YYYY'),'AMERICA','CHIARA','PICCOLA');
INSERT INTO UTENTE(CF,DATA_DI_NASCITA,NAZIONALITA,NOME,COGNOME) VALUES
('DSTFNC07L47F839R',TO_DATE('08/03/2003','DD/MM/YYYY'),'CINA','FRANCESCA','DESTRO');
INSERT INTO UTENTE(CF,DATA_DI_NASCITA,NAZIONALITA,NOME,COGNOME) VALUES
('MLTMRC03S07F839Q',TO_DATE('17/09/2000','DD/MM/YYYY'),'GIAPPONE','MARCO','MALTO');
INSERT INTO UTENTE(CF,DATA_DI_NASCITA,NAZIONALITA,NOME,COGNOME) VALUES
('SNEGPP01P08F839A',TO_DATE('05/08/1998','DD/MM/YYYY'),'BELGIO','GIUSEPPE','SENI');
INSERT INTO UTENTE(CF,DATA_DI_NASCITA,NAZIONALITA,NOME,COGNOME) VALUES
('VRIMRA74A05F839T',TO_DATE('09/01/1997','DD/MM/YYYY'),'CAMEROUN','MARIO','VIRO');
INSERT INTO UTENTE(CF,DATA_DI_NASCITA,NAZIONALITA,NOME,COGNOME) VALUES
('BCCLSS66S19F839V',TO_DATE('11/10/1996','DD/MM/YYYY'),'ITALIA','ALESSIO','BUCCI');
INSERT INTO UTENTE(CF,DATA_DI_NASCITA,NAZIONALITA,NOME,COGNOME) VALUES
('DREPRI81T16F839G',TO_DATE('18/05/1999','DD/MM/YYYY'),'ISLANDA','PIERO','DERI');
INSERT INTO UTENTE(CF,DATA_DI_NASCITA,NAZIONALITA,NOME,COGNOME) VALUES
('DMAGRG02T31F839E',TO_DATE('20/07/2000','DD/MM/YYYY'),'GERMANIA','GIORGIO','DAMA');
INSERT INTO UTENTE(CF,DATA_DI_NASCITA,NAZIONALITA,NOME,COGNOME) VALUES
('PRMLSN86L27F839O',TO_DATE('19/09/1998','DD/MM/YYYY'),'OLANDA','ALESSANDRO','PRIMO');

-- VALUTAZIONE RISCHIO
INSERT INTO VALUTAZIONE_RISCHIO(CATEGORIA,BUDGET,RISCHIO,CF_UTENTE) VALUES
('INTRADAY',10000,50,'DSRLRD90A01F839V');
INSERT INTO VALUTAZIONE_RISCHIO(CATEGORIA,BUDGET,RISCHIO,CF_UTENTE) VALUES
('SCALPER',200,20,'RSSLCU80P15F839C');
INSERT INTO VALUTAZIONE_RISCHIO(CATEGORIA,BUDGET,RISCHIO,CF_UTENTE) VALUES
('BUY & HOLD',20000,80,'VRDLGU79M19F839M');
INSERT INTO VALUTAZIONE_RISCHIO(CATEGORIA,BUDGET,RISCHIO,CF_UTENTE) VALUES
('INTRADAY',60000,10,'BLULSS86S57F839T');
INSERT INTO VALUTAZIONE_RISCHIO(CATEGORIA,BUDGET,RISCHIO,CF_UTENTE) VALUES
('INTRADAY',1000000,99,'VLINGL03D57F839E');
INSERT INTO VALUTAZIONE_RISCHIO(CATEGORIA,BUDGET,RISCHIO,CF_UTENTE) VALUES
('SCALPER',4000,75,'CHRMTN75P58F839A');
INSERT INTO VALUTAZIONE_RISCHIO(CATEGORIA,BUDGET,RISCHIO,CF_UTENTE) VALUES
('SCALPER',8000,25,'PCCCHR78L61F839Z');
INSERT INTO VALUTAZIONE_RISCHIO(CATEGORIA,BUDGET,RISCHIO,CF_UTENTE) VALUES
('BUY & HOLD',700,10,'DSTFNC07L47F839R');
INSERT INTO VALUTAZIONE_RISCHIO(CATEGORIA,BUDGET,RISCHIO,CF_UTENTE) VALUES
('INTRADAY',500,50,'MLTMRC03S07F839Q');
INSERT INTO VALUTAZIONE_RISCHIO(CATEGORIA,BUDGET,RISCHIO,CF_UTENTE) VALUES
('SCALPER',100,80,'SNEGPP01P08F839A');
INSERT INTO VALUTAZIONE_RISCHIO(CATEGORIA,BUDGET,RISCHIO,CF_UTENTE) VALUES
('BUY & HOLD',7500,60,'VRIMRA74A05F839T');
INSERT INTO VALUTAZIONE_RISCHIO(CATEGORIA,BUDGET,RISCHIO,CF_UTENTE) VALUES
('BUY & HOLD',150,5,'BCCLSS66S19F839V');
INSERT INTO VALUTAZIONE_RISCHIO(CATEGORIA,BUDGET,RISCHIO,CF_UTENTE) VALUES
('INTRADAY',2500,15,'DREPRI81T16F839G');
INSERT INTO VALUTAZIONE_RISCHIO(CATEGORIA,BUDGET,RISCHIO,CF_UTENTE) VALUES
('SCALPER',75000,60,'DMAGRG02T31F839E');
INSERT INTO VALUTAZIONE_RISCHIO(CATEGORIA,BUDGET,RISCHIO,CF_UTENTE) VALUES
('INTRADAY',15000,80,'PRMLSN86L27F839O');

-- CARTA DI CREDITO
INSERT INTO CARTA_DI_CREDITO(NUMERO_CARTA,CVV,DATA_DI_SCADENZA,CF_UTENTE,BANCA) VALUES
('4109996351112611','679',TO_DATE('01/06/2023','DD/MM/YYYY'),'DSRLRD90A01F839V','UNICREDIT');
INSERT INTO CARTA_DI_CREDITO(NUMERO_CARTA,CVV,DATA_DI_SCADENZA,CF_UTENTE,BANCA) VALUES
('4590293082723676','506',TO_DATE('10/04/2024','DD/MM/YYYY'),'RSSLCU80P15F839C','INTESA SANPAOLO');
INSERT INTO CARTA_DI_CREDITO(NUMERO_CARTA,CVV,DATA_DI_SCADENZA,CF_UTENTE,BANCA) VALUES
('4347711035326285','770',TO_DATE('28/08/2030','DD/MM/YYYY'),'VRDLGU79M19F839M','UNICREDIT');
INSERT INTO CARTA_DI_CREDITO(NUMERO_CARTA,CVV,DATA_DI_SCADENZA,CF_UTENTE,BANCA) VALUES
('4371103899876689','965',TO_DATE('24/10/2040','DD/MM/YYYY'),'BLULSS86S57F839T','UNICREDIT');
INSERT INTO CARTA_DI_CREDITO(NUMERO_CARTA,CVV,DATA_DI_SCADENZA,CF_UTENTE,BANCA) VALUES
('4323104682062130','934',TO_DATE('22/12/2040','DD/MM/YYYY'),'VLINGL03D57F839E','UNICREDIT');
INSERT INTO CARTA_DI_CREDITO(NUMERO_CARTA,CVV,DATA_DI_SCADENZA,CF_UTENTE,BANCA) VALUES
('4944670573395564','514',TO_DATE('02/11/2030','DD/MM/YYYY'),'CHRMTN75P58F839A','UNICREDIT');
INSERT INTO CARTA_DI_CREDITO(NUMERO_CARTA,CVV,DATA_DI_SCADENZA,CF_UTENTE,BANCA) VALUES
('4549496146399761','688',TO_DATE('12/02/2050','DD/MM/YYYY'),'PCCCHR78L61F839Z','UNICREDIT');
INSERT INTO CARTA_DI_CREDITO(NUMERO_CARTA,CVV,DATA_DI_SCADENZA,CF_UTENTE,BANCA) VALUES
('4795338713159585','886',TO_DATE('08/03/2060','DD/MM/YYYY'),'DSTFNC07L47F839R','UNICREDIT');
INSERT INTO CARTA_DI_CREDITO(NUMERO_CARTA,CVV,DATA_DI_SCADENZA,CF_UTENTE,BANCA) VALUES
('4104071187881121','558',TO_DATE('17/09/2023','DD/MM/YYYY'),'MLTMRC03S07F839Q','INTESA SANPAOLO');
INSERT INTO CARTA_DI_CREDITO(NUMERO_CARTA,CVV,DATA_DI_SCADENZA,CF_UTENTE,BANCA) VALUES
('4462202027956130','546',TO_DATE('05/08/2040','DD/MM/YYYY'),'SNEGPP01P08F839A','INTESA SANPAOLO');
INSERT INTO CARTA_DI_CREDITO(NUMERO_CARTA,CVV,DATA_DI_SCADENZA,CF_UTENTE,BANCA) VALUES
('4295786297006975','591',TO_DATE('09/01/2030','DD/MM/YYYY'),'VRIMRA74A05F839T','BANCO BPM');
INSERT INTO CARTA_DI_CREDITO(NUMERO_CARTA,CVV,DATA_DI_SCADENZA,CF_UTENTE,BANCA) VALUES
('4642587359242619','407',TO_DATE('11/10/2080','DD/MM/YYYY'),'BCCLSS66S19F839V','BANCO BPM');
INSERT INTO CARTA_DI_CREDITO(NUMERO_CARTA,CVV,DATA_DI_SCADENZA,CF_UTENTE,BANCA) VALUES
('4204686029166503','368',TO_DATE('18/05/2035','DD/MM/YYYY'),'DREPRI81T16F839G','BANCO BPM');
INSERT INTO CARTA_DI_CREDITO(NUMERO_CARTA,CVV,DATA_DI_SCADENZA,CF_UTENTE,BANCA) VALUES
('4330442763581136','417',TO_DATE('20/07/2028','DD/MM/YYYY'),'DMAGRG02T31F839E','BANCO BPM');
INSERT INTO CARTA_DI_CREDITO(NUMERO_CARTA,CVV,DATA_DI_SCADENZA,CF_UTENTE,BANCA) VALUES
('4436102995435906','308',TO_DATE('19/09/2080','DD/MM/YYYY'),'PRMLSN86L27F839O','BANCO BPM');
INSERT INTO CARTA_DI_CREDITO(NUMERO_CARTA,CVV,DATA_DI_SCADENZA,CF_UTENTE,BANCA) VALUES
('4761111717637546','613',TO_DATE('09/01/2028','DD/MM/YYYY'),'VRDLGU79M19F839M','BANCA SELLA');
INSERT INTO CARTA_DI_CREDITO(NUMERO_CARTA,CVV,DATA_DI_SCADENZA,CF_UTENTE,BANCA) VALUES
('4798930964357251','190',TO_DATE('11/10/2030','DD/MM/YYYY'),'VLINGL03D57F839E','BANCA SELLA');
INSERT INTO CARTA_DI_CREDITO(NUMERO_CARTA,CVV,DATA_DI_SCADENZA,CF_UTENTE,BANCA) VALUES
('4431885758008853','490',TO_DATE('18/05/2040','DD/MM/YYYY'),'SNEGPP01P08F839A','BANCA SELLA');
INSERT INTO CARTA_DI_CREDITO(NUMERO_CARTA,CVV,DATA_DI_SCADENZA,CF_UTENTE,BANCA) VALUES
('4315868917532295','284',TO_DATE('20/07/2050','DD/MM/YYYY'),'VRIMRA74A05F839T','MEDIOLANUM');
INSERT INTO CARTA_DI_CREDITO(NUMERO_CARTA,CVV,DATA_DI_SCADENZA,CF_UTENTE,BANCA) VALUES
('4884355955019725','864',TO_DATE('19/09/2060','DD/MM/YYYY'),'DMAGRG02T31F839E','MEDIOLANUM');

-- PIATTAFORMA EXCHANGE
INSERT INTO PIATTAFORMA_EXCHANGE(NOME_PIATTAFORMA,TOKEN_RIFERIMENTO,CONTRATTO_P) VALUES
('BINANCE','BNB','0xKaP7e0yhG0X0GHwZJnv7d3Oe0S0DGj6uovM4MDpL');
INSERT INTO PIATTAFORMA_EXCHANGE(NOME_PIATTAFORMA,TOKEN_RIFERIMENTO,CONTRATTO_P) VALUES
('CRYPTO.COM','CRO','0xBd2wJZzbM2pORLVNnO4RptOcfBkGxjrQz4QSU58a');
INSERT INTO PIATTAFORMA_EXCHANGE(NOME_PIATTAFORMA,TOKEN_RIFERIMENTO,CONTRATTO_P) VALUES
('BITPANDA','CRO','0xBd2wJZzbM2pORLVNnO4RptOcfBkGxjrQz4QSU58a');
INSERT INTO PIATTAFORMA_EXCHANGE(NOME_PIATTAFORMA,TOKEN_RIFERIMENTO,CONTRATTO_P) VALUES
('YOUNGPLATFORM','YNG','0xzkR7GDGykwsNgxYZ4CXddEoDwR8qyJis8WlJVHFL');
INSERT INTO PIATTAFORMA_EXCHANGE(NOME_PIATTAFORMA,TOKEN_RIFERIMENTO,CONTRATTO_P) VALUES
('STREETBEAT','CRO','0xBd2wJZzbM2pORLVNnO4RptOcfBkGxjrQz4QSU58a');
INSERT INTO PIATTAFORMA_EXCHANGE(NOME_PIATTAFORMA,TOKEN_RIFERIMENTO,CONTRATTO_P) VALUES
('COINBASE','BTC','0xu8Z2W5tkkw1TcSKYif2s8YK3wk4MF0gM47zmlrYO');
INSERT INTO PIATTAFORMA_EXCHANGE(NOME_PIATTAFORMA,TOKEN_RIFERIMENTO,CONTRATTO_P) VALUES
('TRT','BTC','0xu8Z2W5tkkw1TcSKYif2s8YK3wk4MF0gM47zmlrYO');
INSERT INTO PIATTAFORMA_EXCHANGE(NOME_PIATTAFORMA,TOKEN_RIFERIMENTO,CONTRATTO_P) VALUES
('KRAKEN','BTC','0xu8Z2W5tkkw1TcSKYif2s8YK3wk4MF0gM47zmlrYO');
INSERT INTO PIATTAFORMA_EXCHANGE(NOME_PIATTAFORMA,TOKEN_RIFERIMENTO,CONTRATTO_P) VALUES
('CEX.IO','BTC','0xu8Z2W5tkkw1TcSKYif2s8YK3wk4MF0gM47zmlrYO');
INSERT INTO PIATTAFORMA_EXCHANGE(NOME_PIATTAFORMA,TOKEN_RIFERIMENTO,CONTRATTO_P) VALUES
('BITSTAMP','BTC','0xu8Z2W5tkkw1TcSKYif2s8YK3wk4MF0gM47zmlrYO');
INSERT INTO PIATTAFORMA_EXCHANGE(NOME_PIATTAFORMA,TOKEN_RIFERIMENTO,CONTRATTO_P) VALUES
('POLONIEX','BTC','0xu8Z2W5tkkw1TcSKYif2s8YK3wk4MF0gM47zmlrYO');
INSERT INTO PIATTAFORMA_EXCHANGE(NOME_PIATTAFORMA,TOKEN_RIFERIMENTO,CONTRATTO_P) VALUES
('OKX','BTC','0xu8Z2W5tkkw1TcSKYif2s8YK3wk4MF0gM47zmlrYO');
INSERT INTO PIATTAFORMA_EXCHANGE(NOME_PIATTAFORMA,TOKEN_RIFERIMENTO,CONTRATTO_P) VALUES
('HUBI','BTC','0xu8Z2W5tkkw1TcSKYif2s8YK3wk4MF0gM47zmlrYO');
INSERT INTO PIATTAFORMA_EXCHANGE(NOME_PIATTAFORMA,TOKEN_RIFERIMENTO,CONTRATTO_P) VALUES
('SPECTROCOIN','BTC','0xu8Z2W5tkkw1TcSKYif2s8YK3wk4MF0gM47zmlrYO');
INSERT INTO PIATTAFORMA_EXCHANGE(NOME_PIATTAFORMA,TOKEN_RIFERIMENTO,CONTRATTO_P) VALUES
('CAPITAL.COM','BTC','0xu8Z2W5tkkw1TcSKYif2s8YK3wk4MF0gM47zmlrYO');

-- CONTO VIRTUALE
INSERT INTO CONTO_VIRTUALE(ID_CONTO_VIRTUALE,NOME_PIATTAFORMA_CV,DATA_CREAZIONE,VALUTA) VALUES
('11013563144710829511','BITPANDA',TO_DATE('19/09/2010','DD/MM/YYYY'),'EUR');
INSERT INTO CONTO_VIRTUALE(ID_CONTO_VIRTUALE,NOME_PIATTAFORMA_CV,DATA_CREAZIONE,VALUTA) VALUES
('38480029763762467178','BITPANDA',TO_DATE('18/01/2019','DD/MM/YYYY'),'CHF');
INSERT INTO CONTO_VIRTUALE(ID_CONTO_VIRTUALE,NOME_PIATTAFORMA_CV,DATA_CREAZIONE,VALUTA) VALUES
('48650072646093264568','BINANCE',TO_DATE('17/12/2019','DD/MM/YYYY'),'USD');
INSERT INTO CONTO_VIRTUALE(ID_CONTO_VIRTUALE,NOME_PIATTAFORMA_CV,DATA_CREAZIONE,VALUTA) VALUES
('12722025187733601960','BINANCE',TO_DATE('28/01/2018','DD/MM/YYYY'),'CHF');
INSERT INTO CONTO_VIRTUALE(ID_CONTO_VIRTUALE,NOME_PIATTAFORMA_CV,DATA_CREAZIONE,VALUTA) VALUES
('01512240724222181765','BINANCE',TO_DATE('27/02/2015','DD/MM/YYYY'),'USD');
INSERT INTO CONTO_VIRTUALE(ID_CONTO_VIRTUALE,NOME_PIATTAFORMA_CV,DATA_CREAZIONE,VALUTA) VALUES
('62212477899903026032','YOUNGPLATFORM',TO_DATE('15/05/2016','DD/MM/YYYY'),'EUR');
INSERT INTO CONTO_VIRTUALE(ID_CONTO_VIRTUALE,NOME_PIATTAFORMA_CV,DATA_CREAZIONE,VALUTA) VALUES
('98909592354694862223','YOUNGPLATFORM',TO_DATE('14/08/2018','DD/MM/YYYY'),'CHF');
INSERT INTO CONTO_VIRTUALE(ID_CONTO_VIRTUALE,NOME_PIATTAFORMA_CV,DATA_CREAZIONE,VALUTA) VALUES
('23567494004133933985','COINBASE',TO_DATE('04/09/2012','DD/MM/YYYY'),'EUR');
INSERT INTO CONTO_VIRTUALE(ID_CONTO_VIRTUALE,NOME_PIATTAFORMA_CV,DATA_CREAZIONE,VALUTA) VALUES
('54877171659893100303','COINBASE',TO_DATE('09/10/2013','DD/MM/YYYY'),'USD');
INSERT INTO CONTO_VIRTUALE(ID_CONTO_VIRTUALE,NOME_PIATTAFORMA_CV,DATA_CREAZIONE,VALUTA) VALUES
('93198248687343734208','YOUNGPLATFORM',TO_DATE('08/06/2010','DD/MM/YYYY'),'CHF');
INSERT INTO CONTO_VIRTUALE(ID_CONTO_VIRTUALE,NOME_PIATTAFORMA_CV,DATA_CREAZIONE,VALUTA) VALUES
('41511155148661334592','YOUNGPLATFORM',TO_DATE('20/12/2000','DD/MM/YYYY'),'USD');
INSERT INTO CONTO_VIRTUALE(ID_CONTO_VIRTUALE,NOME_PIATTAFORMA_CV,DATA_CREAZIONE,VALUTA) VALUES
('90750606096442332998','BINANCE',TO_DATE('21/11/2009','DD/MM/YYYY'),'EUR');
INSERT INTO CONTO_VIRTUALE(ID_CONTO_VIRTUALE,NOME_PIATTAFORMA_CV,DATA_CREAZIONE,VALUTA) VALUES
('58943089192220376208','BINANCE',TO_DATE('22/09/2008','DD/MM/YYYY'),'CHF');
INSERT INTO CONTO_VIRTUALE(ID_CONTO_VIRTUALE,NOME_PIATTAFORMA_CV,DATA_CREAZIONE,VALUTA) VALUES
('44028438510491620914','BITPANDA',TO_DATE('23/08/2019','DD/MM/YYYY'),'EUR');
INSERT INTO CONTO_VIRTUALE(ID_CONTO_VIRTUALE,NOME_PIATTAFORMA_CV,DATA_CREAZIONE,VALUTA) VALUES
('46446812560562476336','BITPANDA',TO_DATE('25/06/2014','DD/MM/YYYY'),'USD');
INSERT INTO CONTO_VIRTUALE(ID_CONTO_VIRTUALE,NOME_PIATTAFORMA_CV,DATA_CREAZIONE,VALUTA) VALUES
('98740013558782884725','YOUNGPLATFORM',TO_DATE('18/12/2002','DD/MM/YYYY'),'CHF');
INSERT INTO CONTO_VIRTUALE(ID_CONTO_VIRTUALE,NOME_PIATTAFORMA_CV,DATA_CREAZIONE,VALUTA) VALUES
('76680150876611605917','YOUNGPLATFORM',TO_DATE('16/11/2010','DD/MM/YYYY'),'USD');
INSERT INTO CONTO_VIRTUALE(ID_CONTO_VIRTUALE,NOME_PIATTAFORMA_CV,DATA_CREAZIONE,VALUTA) VALUES
('49273856346937903118','STREETBEAT',TO_DATE('12/09/2007','DD/MM/YYYY'),'EUR');
INSERT INTO CONTO_VIRTUALE(ID_CONTO_VIRTUALE,NOME_PIATTAFORMA_CV,DATA_CREAZIONE,VALUTA) VALUES
('29633097111663343158','STREETBEAT',TO_DATE('11/08/2019','DD/MM/YYYY'),'EUR');
INSERT INTO CONTO_VIRTUALE(ID_CONTO_VIRTUALE,NOME_PIATTAFORMA_CV,DATA_CREAZIONE,VALUTA) VALUES
('92018875922609890219','YOUNGPLATFORM',TO_DATE('10/06/2019','DD/MM/YYYY'),'USD');

-- COLLEGATO
INSERT INTO COLLEGATO(ID_CONTO_VIRTUALE_C,NUMERO_CARTA_C,NOME_PIATTAFORMA_C) VALUES
('11013563144710829511','4109996351112611','BITPANDA');
INSERT INTO COLLEGATO(ID_CONTO_VIRTUALE_C,NUMERO_CARTA_C,NOME_PIATTAFORMA_C) VALUES
('38480029763762467178','4590293082723676','BITPANDA');
INSERT INTO COLLEGATO(ID_CONTO_VIRTUALE_C,NUMERO_CARTA_C,NOME_PIATTAFORMA_C) VALUES
('48650072646093264568','4347711035326285','BINANCE');
INSERT INTO COLLEGATO(ID_CONTO_VIRTUALE_C,NUMERO_CARTA_C,NOME_PIATTAFORMA_C) VALUES
('12722025187733601960','4371103899876689','BINANCE');
INSERT INTO COLLEGATO(ID_CONTO_VIRTUALE_C,NUMERO_CARTA_C,NOME_PIATTAFORMA_C) VALUES
('01512240724222181765','4323104682062130','BINANCE');
INSERT INTO COLLEGATO(ID_CONTO_VIRTUALE_C,NUMERO_CARTA_C,NOME_PIATTAFORMA_C) VALUES
('62212477899903026032','4944670573395564','YOUNGPLATFORM');
INSERT INTO COLLEGATO(ID_CONTO_VIRTUALE_C,NUMERO_CARTA_C,NOME_PIATTAFORMA_C) VALUES
('98909592354694862223','4549496146399761','YOUNGPLATFORM');
INSERT INTO COLLEGATO(ID_CONTO_VIRTUALE_C,NUMERO_CARTA_C,NOME_PIATTAFORMA_C) VALUES
('23567494004133933985','4795338713159585','COINBASE');
INSERT INTO COLLEGATO(ID_CONTO_VIRTUALE_C,NUMERO_CARTA_C,NOME_PIATTAFORMA_C) VALUES
('54877171659893100303','4104071187881121','COINBASE');
INSERT INTO COLLEGATO(ID_CONTO_VIRTUALE_C,NUMERO_CARTA_C,NOME_PIATTAFORMA_C) VALUES
('93198248687343734208','4462202027956130','YOUNGPLATFORM');
INSERT INTO COLLEGATO(ID_CONTO_VIRTUALE_C,NUMERO_CARTA_C,NOME_PIATTAFORMA_C) VALUES
('41511155148661334592','4295786297006975','YOUNGPLATFORM');
INSERT INTO COLLEGATO(ID_CONTO_VIRTUALE_C,NUMERO_CARTA_C,NOME_PIATTAFORMA_C) VALUES
('90750606096442332998','4642587359242619','BINANCE');
INSERT INTO COLLEGATO(ID_CONTO_VIRTUALE_C,NUMERO_CARTA_C,NOME_PIATTAFORMA_C) VALUES
('58943089192220376208','4204686029166503','BINANCE');
INSERT INTO COLLEGATO(ID_CONTO_VIRTUALE_C,NUMERO_CARTA_C,NOME_PIATTAFORMA_C) VALUES
('44028438510491620914','4330442763581136','BITPANDA');
INSERT INTO COLLEGATO(ID_CONTO_VIRTUALE_C,NUMERO_CARTA_C,NOME_PIATTAFORMA_C) VALUES
('46446812560562476336','4436102995435906','BITPANDA');
INSERT INTO COLLEGATO(ID_CONTO_VIRTUALE_C,NUMERO_CARTA_C,NOME_PIATTAFORMA_C) VALUES
('98740013558782884725','4761111717637546','YOUNGPLATFORM');
INSERT INTO COLLEGATO(ID_CONTO_VIRTUALE_C,NUMERO_CARTA_C,NOME_PIATTAFORMA_C) VALUES
('76680150876611605917','4798930964357251','YOUNGPLATFORM');
INSERT INTO COLLEGATO(ID_CONTO_VIRTUALE_C,NUMERO_CARTA_C,NOME_PIATTAFORMA_C) VALUES
('49273856346937903118','4431885758008853','STREETBEAT');
INSERT INTO COLLEGATO(ID_CONTO_VIRTUALE_C,NUMERO_CARTA_C,NOME_PIATTAFORMA_C) VALUES
('29633097111663343158','4315868917532295','STREETBEAT');
INSERT INTO COLLEGATO(ID_CONTO_VIRTUALE_C,NUMERO_CARTA_C,NOME_PIATTAFORMA_C) VALUES
('92018875922609890219','4884355955019725','YOUNGPLATFORM');
INSERT INTO COLLEGATO(ID_CONTO_VIRTUALE_C,NUMERO_CARTA_C,NOME_PIATTAFORMA_C) VALUES
('98740013558782884725','4347711035326285','YOUNGPLATFORM');
INSERT INTO COLLEGATO(ID_CONTO_VIRTUALE_C,NUMERO_CARTA_C,NOME_PIATTAFORMA_C) VALUES
('76680150876611605917','4323104682062130','YOUNGPLATFORM');

-- MOVIMENTO
INSERT INTO MOVIMENTO(ID_ORDINE,QUANTITA_M,DATA_M,FEE_M,TIPO_MOVIMENTO,ID_CONTO_VIRTUALE_M,NUMERO_CARTA_M,NOME_PIATTAFORMA_M) VALUES
('57060783237376271012',150,TO_DATE('01/06/2022 14:29','DD/MM/YYYY HH24:MI'),1,1,'11013563144710829511','4109996351112611','BITPANDA');
INSERT INTO MOVIMENTO(ID_ORDINE,QUANTITA_M,DATA_M,FEE_M,TIPO_MOVIMENTO,ID_CONTO_VIRTUALE_M,NUMERO_CARTA_M,NOME_PIATTAFORMA_M) VALUES
('42822805386516729582',200,TO_DATE('02/03/2022 12:30','DD/MM/YYYY HH24:MI'),1,1,'38480029763762467178','4590293082723676','BITPANDA');
INSERT INTO MOVIMENTO(ID_ORDINE,QUANTITA_M,DATA_M,FEE_M,TIPO_MOVIMENTO,ID_CONTO_VIRTUALE_M,NUMERO_CARTA_M,NOME_PIATTAFORMA_M) VALUES
('20701081974674058003',1500,TO_DATE('07/04/2022 10:22','DD/MM/YYYY HH24:MI'),1,1,'48650072646093264568','4347711035326285','BINANCE');
INSERT INTO MOVIMENTO(ID_ORDINE,QUANTITA_M,DATA_M,FEE_M,TIPO_MOVIMENTO,ID_CONTO_VIRTUALE_M,NUMERO_CARTA_M,NOME_PIATTAFORMA_M) VALUES
('70391751470373016292',300,TO_DATE('09/02/2022 11:18','DD/MM/YYYY HH24:MI'),1,1,'12722025187733601960','4371103899876689','BINANCE');
INSERT INTO MOVIMENTO(ID_ORDINE,QUANTITA_M,DATA_M,FEE_M,TIPO_MOVIMENTO,ID_CONTO_VIRTUALE_M,NUMERO_CARTA_M,NOME_PIATTAFORMA_M) VALUES
('46455527382439667011',1000,TO_DATE('10/01/2022 08:16','DD/MM/YYYY HH24:MI'),1,1,'01512240724222181765','4323104682062130','BINANCE');
INSERT INTO MOVIMENTO(ID_ORDINE,QUANTITA_M,DATA_M,FEE_M,TIPO_MOVIMENTO,ID_CONTO_VIRTUALE_M,NUMERO_CARTA_M,NOME_PIATTAFORMA_M) VALUES
('82663057179655201449',5000,TO_DATE('28/02/2022 23:15','DD/MM/YYYY HH24:MI'),1,1,'62212477899903026032','4944670573395564','YOUNGPLATFORM');
INSERT INTO MOVIMENTO(ID_ORDINE,QUANTITA_M,DATA_M,FEE_M,TIPO_MOVIMENTO,ID_CONTO_VIRTUALE_M,NUMERO_CARTA_M,NOME_PIATTAFORMA_M) VALUES
('96744318979879172515',800,TO_DATE('14/04/2022 22:02','DD/MM/YYYY HH24:MI'),1,1,'98909592354694862223','4549496146399761','YOUNGPLATFORM');
INSERT INTO MOVIMENTO(ID_ORDINE,QUANTITA_M,DATA_M,FEE_M,TIPO_MOVIMENTO,ID_CONTO_VIRTUALE_M,NUMERO_CARTA_M,NOME_PIATTAFORMA_M) VALUES
('91901863882847388306',1000,TO_DATE('16/01/2022 20:03','DD/MM/YYYY HH24:MI'),1,1,'23567494004133933985','4795338713159585','COINBASE');
INSERT INTO MOVIMENTO(ID_ORDINE,QUANTITA_M,DATA_M,FEE_M,TIPO_MOVIMENTO,ID_CONTO_VIRTUALE_M,NUMERO_CARTA_M,NOME_PIATTAFORMA_M) VALUES
('10002023031817252629',900,TO_DATE('18/05/2022 18:06','DD/MM/YYYY HH24:MI'),1,1,'54877171659893100303','4104071187881121','COINBASE');
INSERT INTO MOVIMENTO(ID_ORDINE,QUANTITA_M,DATA_M,FEE_M,TIPO_MOVIMENTO,ID_CONTO_VIRTUALE_M,NUMERO_CARTA_M,NOME_PIATTAFORMA_M) VALUES
('85884140368549189487',750,TO_DATE('17/04/2022 14:49','DD/MM/YYYY HH24:MI'),1,1,'93198248687343734208','4462202027956130','YOUNGPLATFORM');
INSERT INTO MOVIMENTO(ID_ORDINE,QUANTITA_M,DATA_M,FEE_M,TIPO_MOVIMENTO,ID_CONTO_VIRTUALE_M,NUMERO_CARTA_M,NOME_PIATTAFORMA_M) VALUES
('44024216073433782511',450,TO_DATE('12/06/2022 11:50','DD/MM/YYYY HH24:MI'),1,1,'41511155148661334592','4295786297006975','YOUNGPLATFORM');
INSERT INTO MOVIMENTO(ID_ORDINE,QUANTITA_M,DATA_M,FEE_M,TIPO_MOVIMENTO,ID_CONTO_VIRTUALE_M,NUMERO_CARTA_M,NOME_PIATTAFORMA_M) VALUES
('57121069937003999347',150,TO_DATE('09/03/2022 05:34','DD/MM/YYYY HH24:MI'),1,1,'90750606096442332998','4642587359242619','BINANCE');
INSERT INTO MOVIMENTO(ID_ORDINE,QUANTITA_M,DATA_M,FEE_M,TIPO_MOVIMENTO,ID_CONTO_VIRTUALE_M,NUMERO_CARTA_M,NOME_PIATTAFORMA_M) VALUES
('09173938304630113976',120,TO_DATE('01/02/2022 04:12','DD/MM/YYYY HH24:MI'),1,1,'58943089192220376208','4204686029166503','BINANCE');
INSERT INTO MOVIMENTO(ID_ORDINE,QUANTITA_M,DATA_M,FEE_M,TIPO_MOVIMENTO,ID_CONTO_VIRTUALE_M,NUMERO_CARTA_M,NOME_PIATTAFORMA_M) VALUES
('61286750337978716996',300,TO_DATE('02/01/2022 02:35','DD/MM/YYYY HH24:MI'),1,1,'44028438510491620914','4330442763581136','BITPANDA');
INSERT INTO MOVIMENTO(ID_ORDINE,QUANTITA_M,DATA_M,FEE_M,TIPO_MOVIMENTO,ID_CONTO_VIRTUALE_M,NUMERO_CARTA_M,NOME_PIATTAFORMA_M) VALUES
('69470416959155906640',450,TO_DATE('20/06/2022 12:59','DD/MM/YYYY HH24:MI'),1,1,'46446812560562476336','4436102995435906','BITPANDA');
INSERT INTO MOVIMENTO(ID_ORDINE,QUANTITA_M,DATA_M,FEE_M,TIPO_MOVIMENTO,ID_CONTO_VIRTUALE_M,NUMERO_CARTA_M,NOME_PIATTAFORMA_M) VALUES
('79164900668163403323',500,TO_DATE('28/02/2022 01:49','DD/MM/YYYY HH24:MI'),1,2,'48650072646093264568','4347711035326285','BINANCE');
INSERT INTO MOVIMENTO(ID_ORDINE,QUANTITA_M,DATA_M,FEE_M,TIPO_MOVIMENTO,ID_CONTO_VIRTUALE_M,NUMERO_CARTA_M,NOME_PIATTAFORMA_M) VALUES
('06566854395064398324',200,TO_DATE('14/04/2022 08:39','DD/MM/YYYY HH24:MI'),1,2,'48650072646093264568','4347711035326285','BINANCE');
INSERT INTO MOVIMENTO(ID_ORDINE,QUANTITA_M,DATA_M,FEE_M,TIPO_MOVIMENTO,ID_CONTO_VIRTUALE_M,NUMERO_CARTA_M,NOME_PIATTAFORMA_M) VALUES
('99717248963096406517',100,TO_DATE('16/01/2022 09:23','DD/MM/YYYY HH24:MI'),1,2,'48650072646093264568','4347711035326285','BINANCE');
INSERT INTO MOVIMENTO(ID_ORDINE,QUANTITA_M,DATA_M,FEE_M,TIPO_MOVIMENTO,ID_CONTO_VIRTUALE_M,NUMERO_CARTA_M,NOME_PIATTAFORMA_M) VALUES
('46066069136179779978',100,TO_DATE('18/05/2022 06:22','DD/MM/YYYY HH24:MI'),1,2,'01512240724222181765','4323104682062130','BINANCE');
INSERT INTO MOVIMENTO(ID_ORDINE,QUANTITA_M,DATA_M,FEE_M,TIPO_MOVIMENTO,ID_CONTO_VIRTUALE_M,NUMERO_CARTA_M,NOME_PIATTAFORMA_M) VALUES
('14414891500170100767',50,TO_DATE('17/04/2022 09:12','DD/MM/YYYY HH24:MI'),1,2,'01512240724222181765','4323104682062130','BINANCE');

-- REWARDS
INSERT INTO REWARDS(QUANTITA_R,BLOCKCHAIN_R,CONTRATTO_R,DATA_RILASCIO,NOME_R,NOME_PIATTAFORMA_R,ID_CONTO_VIRTUALE_R) VALUES
(10,'BSC','0xKaP7e0yhG0X0GHwZJnv7d3Oe0S0DGj6uovM4MDpL',TO_DATE('01/08/2022','DD/MM/YYYY'),'BNB','BITPANDA','11013563144710829511');
INSERT INTO REWARDS(QUANTITA_R,BLOCKCHAIN_R,CONTRATTO_R,DATA_RILASCIO,NOME_R,NOME_PIATTAFORMA_R,ID_CONTO_VIRTUALE_R) VALUES
(9,'ETH','0xBd2wJZzbM2pORLVNnO4RptOcfBkGxjrQz4QSU58a',TO_DATE('10/07/2022','DD/MM/YYYY'),'ETH','BITPANDA','38480029763762467178');
INSERT INTO REWARDS(QUANTITA_R,BLOCKCHAIN_R,CONTRATTO_R,DATA_RILASCIO,NOME_R,NOME_PIATTAFORMA_R,ID_CONTO_VIRTUALE_R) VALUES
(6,'BSC','0xzkR7GDGykwsNgxYZ4CXddEoDwR8qyJis8WlJVHFL',TO_DATE('02/09/2022','DD/MM/YYYY'),'BNB','BINANCE','48650072646093264568');
INSERT INTO REWARDS(QUANTITA_R,BLOCKCHAIN_R,CONTRATTO_R,DATA_RILASCIO,NOME_R,NOME_PIATTAFORMA_R,ID_CONTO_VIRTUALE_R) VALUES
(3,'ETH','0xu8Z2W5tkkw1TcSKYif2s8YK3wk4MF0gM47zmlrYO',TO_DATE('06/07/2022','DD/MM/YYYY'),'ETH','BINANCE','12722025187733601960');
INSERT INTO REWARDS(QUANTITA_R,BLOCKCHAIN_R,CONTRATTO_R,DATA_RILASCIO,NOME_R,NOME_PIATTAFORMA_R,ID_CONTO_VIRTUALE_R) VALUES
(2,'BSC','0xh8TvA7bDkLX8Yc99n0EESU57UzpolyGXlgcU4A95',TO_DATE('28/08/2022','DD/MM/YYYY'),'BNB','BINANCE','01512240724222181765');
INSERT INTO REWARDS(QUANTITA_R,BLOCKCHAIN_R,CONTRATTO_R,DATA_RILASCIO,NOME_R,NOME_PIATTAFORMA_R,ID_CONTO_VIRTUALE_R) VALUES
(11,'ETH','0xDKz5vEF9VkxO3oq1Ux1aTsNmDUXd0rLoroYsFzKC',TO_DATE('12/07/2022','DD/MM/YYYY'),'ETH','YOUNGPLATFORM','62212477899903026032');
INSERT INTO REWARDS(QUANTITA_R,BLOCKCHAIN_R,CONTRATTO_R,DATA_RILASCIO,NOME_R,NOME_PIATTAFORMA_R,ID_CONTO_VIRTUALE_R) VALUES
(15,'BSC','0xrELvB9ntPv2eCqfdG1QFniSaYZ1y3IR1U09UrHBc',TO_DATE('18/10/2022','DD/MM/YYYY'),'BNB','YOUNGPLATFORM','98909592354694862223');
INSERT INTO REWARDS(QUANTITA_R,BLOCKCHAIN_R,CONTRATTO_R,DATA_RILASCIO,NOME_R,NOME_PIATTAFORMA_R,ID_CONTO_VIRTUALE_R) VALUES
(20,'ETH','0xEkRSlq7AQ2vqYE9g8k0Rf4ipIHx46z73XdEvFbWa',TO_DATE('16/11/2022','DD/MM/YYYY'),'ETH','COINBASE','23567494004133933985');
INSERT INTO REWARDS(QUANTITA_R,BLOCKCHAIN_R,CONTRATTO_R,DATA_RILASCIO,NOME_R,NOME_PIATTAFORMA_R,ID_CONTO_VIRTUALE_R) VALUES
(23,'ETH','0xKVcBgk5XuygOsGJNIeEUU6CckWkfE7FpwOaFWvfF',TO_DATE('14/12/2022','DD/MM/YYYY'),'ETH','COINBASE','54877171659893100303');
INSERT INTO REWARDS(QUANTITA_R,BLOCKCHAIN_R,CONTRATTO_R,DATA_RILASCIO,NOME_R,NOME_PIATTAFORMA_R,ID_CONTO_VIRTUALE_R) VALUES
(11,'BSC','0x3YOI9r2kvIzinPbiAyaIDOb2QpacYnkvajrYT5wG',TO_DATE('01/11/2022','DD/MM/YYYY'),'BNB','YOUNGPLATFORM','93198248687343734208');
INSERT INTO REWARDS(QUANTITA_R,BLOCKCHAIN_R,CONTRATTO_R,DATA_RILASCIO,NOME_R,NOME_PIATTAFORMA_R,ID_CONTO_VIRTUALE_R) VALUES
(2,'ETH','0xQN3S3CqUhLG0l131Ql4g8nfG6hPyXyscdmrJhLtT',TO_DATE('09/10/2022','DD/MM/YYYY'),'ETH','YOUNGPLATFORM','41511155148661334592');
INSERT INTO REWARDS(QUANTITA_R,BLOCKCHAIN_R,CONTRATTO_R,DATA_RILASCIO,NOME_R,NOME_PIATTAFORMA_R,ID_CONTO_VIRTUALE_R) VALUES
(1,'BSC','0xNscN2Do4gUu1AFv9eEm5mtVkJ0YUPgM4kq8QFdgW',TO_DATE('10/09/2022','DD/MM/YYYY'),'BNB','BINANCE','90750606096442332998');
INSERT INTO REWARDS(QUANTITA_R,BLOCKCHAIN_R,CONTRATTO_R,DATA_RILASCIO,NOME_R,NOME_PIATTAFORMA_R,ID_CONTO_VIRTUALE_R) VALUES
(5,'ETH','0x9Kirq8qLVea0Br6dXHAIzQSbabr1bRrEAbgmpxAO',TO_DATE('22/07/2022','DD/MM/YYYY'),'ETH','BINANCE','58943089192220376208');
INSERT INTO REWARDS(QUANTITA_R,BLOCKCHAIN_R,CONTRATTO_R,DATA_RILASCIO,NOME_R,NOME_PIATTAFORMA_R,ID_CONTO_VIRTUALE_R) VALUES
(8,'BSC','0xv0ge0OHXHADwS1ZZYdWy2zNYLklBXeiXSu9ZIUSS',TO_DATE('24/09/2022','DD/MM/YYYY'),'BNB','BITPANDA','44028438510491620914');
INSERT INTO REWARDS(QUANTITA_R,BLOCKCHAIN_R,CONTRATTO_R,DATA_RILASCIO,NOME_R,NOME_PIATTAFORMA_R,ID_CONTO_VIRTUALE_R) VALUES
(9,'ETH','0xsM4ycsnozyyYWF6r5z0EzS8ljYbXkN2mbMlw0vho',TO_DATE('26/07/2022','DD/MM/YYYY'),'ETH','BITPANDA','46446812560562476336');
INSERT INTO REWARDS(QUANTITA_R,BLOCKCHAIN_R,CONTRATTO_R,DATA_RILASCIO,NOME_R,NOME_PIATTAFORMA_R,ID_CONTO_VIRTUALE_R) VALUES
(27,'ETH','0xQN3S3CqUhLG0l131Ql4g8nfG6hPyXyscdmrJhLtT',TO_DATE('09/10/2022','DD/MM/YYYY'),'ETH','BITPANDA','38480029763762467178');
INSERT INTO REWARDS(QUANTITA_R,BLOCKCHAIN_R,CONTRATTO_R,DATA_RILASCIO,NOME_R,NOME_PIATTAFORMA_R,ID_CONTO_VIRTUALE_R) VALUES
(12,'BSC','0xNscN2Do4gUu1AFv9eEm5mtVkJ0YUPgM4kq8QFdgW',TO_DATE('10/09/2022','DD/MM/YYYY'),'BNB','BITPANDA','38480029763762467178');
INSERT INTO REWARDS(QUANTITA_R,BLOCKCHAIN_R,CONTRATTO_R,DATA_RILASCIO,NOME_R,NOME_PIATTAFORMA_R,ID_CONTO_VIRTUALE_R) VALUES
(34,'ETH','0x9Kirq8qLVea0Br6dXHAIzQSbabr1bRrEAbgmpxAO',TO_DATE('22/07/2022','DD/MM/YYYY'),'ETH','YOUNGPLATFORM','93198248687343734208');
INSERT INTO REWARDS(QUANTITA_R,BLOCKCHAIN_R,CONTRATTO_R,DATA_RILASCIO,NOME_R,NOME_PIATTAFORMA_R,ID_CONTO_VIRTUALE_R) VALUES
(68,'BSC','0xv0ge0OHXHADwS1ZZYdWy2zNYLklBXeiXSu9ZIUSS',TO_DATE('24/09/2022','DD/MM/YYYY'),'BNB','BINANCE','58943089192220376208');
INSERT INTO REWARDS(QUANTITA_R,BLOCKCHAIN_R,CONTRATTO_R,DATA_RILASCIO,NOME_R,NOME_PIATTAFORMA_R,ID_CONTO_VIRTUALE_R) VALUES
(73,'ETH','0xsM4ycsnozyyYWF6r5z0EzS8ljYbXkN2mbMlw0vho',TO_DATE('26/07/2022','DD/MM/YYYY'),'ETH','BITPANDA','46446812560562476336');

-- WALLET_DECENTRALIZZATO
INSERT INTO WALLET_DECENTRALIZZATO(INDIRIZZO,NOME_WALLET,BLOCKCHAIN1,BLOCKCHAIN2,BLOCKCHAIN3,BLOCKCHAIN4,BLOCKCHAIN5) VALUES
('0xlmt9ivxtbwyz1ea6bbxxfc1vve5f5ni82i69d55y','METAMASK','BSC','ETH','BTC',NULL,NULL);
INSERT INTO WALLET_DECENTRALIZZATO(INDIRIZZO,NOME_WALLET,BLOCKCHAIN1,BLOCKCHAIN2,BLOCKCHAIN3,BLOCKCHAIN4,BLOCKCHAIN5) VALUES
('0xijxtui3dbzq8zb5un8q2j0c7c3aj4izdt2wtb2cz','Ledger Nano X','SOL','MATIC','BTC',NULL,NULL);
INSERT INTO WALLET_DECENTRALIZZATO(INDIRIZZO,NOME_WALLET,BLOCKCHAIN1,BLOCKCHAIN2,BLOCKCHAIN3,BLOCKCHAIN4,BLOCKCHAIN5) VALUES
('0x8nvkcl3uwcpl6wiicoccxyfseablinagb13v3qyl','Trustwallet ','SOL','ETH',NULL,NULL,NULL);
INSERT INTO WALLET_DECENTRALIZZATO(INDIRIZZO,NOME_WALLET,BLOCKCHAIN1,BLOCKCHAIN2,BLOCKCHAIN3,BLOCKCHAIN4,BLOCKCHAIN5) VALUES
('0xmym0sh9myym61f4xrpi4vy791399yzzsar6k4lyx','Binance Wallet','BSC','ETH','BTC','MATIC',NULL);
INSERT INTO WALLET_DECENTRALIZZATO(INDIRIZZO,NOME_WALLET,BLOCKCHAIN1,BLOCKCHAIN2,BLOCKCHAIN3,BLOCKCHAIN4,BLOCKCHAIN5) VALUES
('0x5ba7pnbhbqughrpbuj1k28i2ama5e2fwvljrpzdd','Coinbase','BSC','ETH','BTC',NULL,NULL);
INSERT INTO WALLET_DECENTRALIZZATO(INDIRIZZO,NOME_WALLET,BLOCKCHAIN1,BLOCKCHAIN2,BLOCKCHAIN3,BLOCKCHAIN4,BLOCKCHAIN5) VALUES
('0x96i266bnacvb1u74p12clbcnpwq02pnann5fa731','Electrum ','BSC','ETH','BTC','MATIC',NULL);
INSERT INTO WALLET_DECENTRALIZZATO(INDIRIZZO,NOME_WALLET,BLOCKCHAIN1,BLOCKCHAIN2,BLOCKCHAIN3,BLOCKCHAIN4,BLOCKCHAIN5) VALUES
('0xc8t3flq69hvy380qi6oysvvr8on7li6p8ygdkpyy','Mycelium','BSC','ETH','BTC',NULL,NULL);
INSERT INTO WALLET_DECENTRALIZZATO(INDIRIZZO,NOME_WALLET,BLOCKCHAIN1,BLOCKCHAIN2,BLOCKCHAIN3,BLOCKCHAIN4,BLOCKCHAIN5) VALUES
('0x12av8547vd8q4lljdwinm5lj74105vimz2z1s5db','Exodus','BSC','ETH','BTC','MATIC',NULL);
INSERT INTO WALLET_DECENTRALIZZATO(INDIRIZZO,NOME_WALLET,BLOCKCHAIN1,BLOCKCHAIN2,BLOCKCHAIN3,BLOCKCHAIN4,BLOCKCHAIN5) VALUES
('0xdfdspx7twt09mx0w42usc9e6wp1egd6esk1oy7f8','PHANTOM','BSC','ETH','BTC',NULL,NULL);
INSERT INTO WALLET_DECENTRALIZZATO(INDIRIZZO,NOME_WALLET,BLOCKCHAIN1,BLOCKCHAIN2,BLOCKCHAIN3,BLOCKCHAIN4,BLOCKCHAIN5) VALUES
('0xhibi23anl7na3clskj7tvdnhcmllz3ontvx6bv5x','Coin98','BSC','ETH','BTC','MATIC',NULL);
INSERT INTO WALLET_DECENTRALIZZATO(INDIRIZZO,NOME_WALLET,BLOCKCHAIN1,BLOCKCHAIN2,BLOCKCHAIN3,BLOCKCHAIN4,BLOCKCHAIN5) VALUES
('0x9zkqk8sc996twtywhy34v7ffin4up2yi99xstanw','Coinbase','BSC','ETH','BTC',NULL,NULL);
INSERT INTO WALLET_DECENTRALIZZATO(INDIRIZZO,NOME_WALLET,BLOCKCHAIN1,BLOCKCHAIN2,BLOCKCHAIN3,BLOCKCHAIN4,BLOCKCHAIN5) VALUES
('0xtbin5n8obexgiwtam7f26jmnp2uxf5n0ukj1r93p','Trustwallet','BSC','ETH','BTC','MATIC',NULL);
INSERT INTO WALLET_DECENTRALIZZATO(INDIRIZZO,NOME_WALLET,BLOCKCHAIN1,BLOCKCHAIN2,BLOCKCHAIN3,BLOCKCHAIN4,BLOCKCHAIN5) VALUES
('0xzq8u36rtgil05luoodb88b425hdc1y1qgmjp8xvs','PHANTOM','BSC','ETH','BTC',NULL,NULL);
INSERT INTO WALLET_DECENTRALIZZATO(INDIRIZZO,NOME_WALLET,BLOCKCHAIN1,BLOCKCHAIN2,BLOCKCHAIN3,BLOCKCHAIN4,BLOCKCHAIN5) VALUES
('0xchxdtxpfr2ebowd1j49lzsq3zxhzv0h2b25ppzkm','METAMASK','BSC','ETH','BTC','MATIC',NULL);
INSERT INTO WALLET_DECENTRALIZZATO(INDIRIZZO,NOME_WALLET,BLOCKCHAIN1,BLOCKCHAIN2,BLOCKCHAIN3,BLOCKCHAIN4,BLOCKCHAIN5) VALUES
('0xpl00bhchgdo6xh0d4eque2ab929080o0divv7baz','Electrum','BSC','ETH','BTC','MATIC',NULL);
INSERT INTO WALLET_DECENTRALIZZATO(INDIRIZZO,NOME_WALLET,BLOCKCHAIN1,BLOCKCHAIN2,BLOCKCHAIN3,BLOCKCHAIN4,BLOCKCHAIN5) VALUES
('0xKP2Q3tGKFOvegkSRlo0Y70pUdIypRLuAdgmTon0T','Coinbase','BSC','ETH','BTC',NULL,NULL);
INSERT INTO WALLET_DECENTRALIZZATO(INDIRIZZO,NOME_WALLET,BLOCKCHAIN1,BLOCKCHAIN2,BLOCKCHAIN3,BLOCKCHAIN4,BLOCKCHAIN5) VALUES
('0xlUm10MVHT6vr3cNSvTcZTfruaaHzef2bjaM2U8Rz','Trustwallet','BSC','ETH','BTC',NULL,NULL);

-- ASSOCIATO
INSERT INTO ASSOCIATO(ID_CONTO_VIRTUALE_A,NOME_PIATTAFORMA_A,INDIRIZZO_A) VALUES
('11013563144710829511','BITPANDA','0xlmt9ivxtbwyz1ea6bbxxfc1vve5f5ni82i69d55y');
INSERT INTO ASSOCIATO(ID_CONTO_VIRTUALE_A,NOME_PIATTAFORMA_A,INDIRIZZO_A) VALUES
('38480029763762467178','BITPANDA','0xijxtui3dbzq8zb5un8q2j0c7c3aj4izdt2wtb2cz');
INSERT INTO ASSOCIATO(ID_CONTO_VIRTUALE_A,NOME_PIATTAFORMA_A,INDIRIZZO_A) VALUES
('48650072646093264568','BINANCE','0x8nvkcl3uwcpl6wiicoccxyfseablinagb13v3qyl');
INSERT INTO ASSOCIATO(ID_CONTO_VIRTUALE_A,NOME_PIATTAFORMA_A,INDIRIZZO_A) VALUES
('12722025187733601960','BINANCE','0xmym0sh9myym61f4xrpi4vy791399yzzsar6k4lyx');
INSERT INTO ASSOCIATO(ID_CONTO_VIRTUALE_A,NOME_PIATTAFORMA_A,INDIRIZZO_A) VALUES
('01512240724222181765','BINANCE','0x5ba7pnbhbqughrpbuj1k28i2ama5e2fwvljrpzdd');
INSERT INTO ASSOCIATO(ID_CONTO_VIRTUALE_A,NOME_PIATTAFORMA_A,INDIRIZZO_A) VALUES
('62212477899903026032','YOUNGPLATFORM','0x96i266bnacvb1u74p12clbcnpwq02pnann5fa731');
INSERT INTO ASSOCIATO(ID_CONTO_VIRTUALE_A,NOME_PIATTAFORMA_A,INDIRIZZO_A) VALUES
('98909592354694862223','YOUNGPLATFORM','0xc8t3flq69hvy380qi6oysvvr8on7li6p8ygdkpyy');
INSERT INTO ASSOCIATO(ID_CONTO_VIRTUALE_A,NOME_PIATTAFORMA_A,INDIRIZZO_A) VALUES
('23567494004133933985','COINBASE','0x12av8547vd8q4lljdwinm5lj74105vimz2z1s5db');
INSERT INTO ASSOCIATO(ID_CONTO_VIRTUALE_A,NOME_PIATTAFORMA_A,INDIRIZZO_A) VALUES
('54877171659893100303','COINBASE','0xdfdspx7twt09mx0w42usc9e6wp1egd6esk1oy7f8');
INSERT INTO ASSOCIATO(ID_CONTO_VIRTUALE_A,NOME_PIATTAFORMA_A,INDIRIZZO_A) VALUES
('93198248687343734208','YOUNGPLATFORM','0xhibi23anl7na3clskj7tvdnhcmllz3ontvx6bv5x');
INSERT INTO ASSOCIATO(ID_CONTO_VIRTUALE_A,NOME_PIATTAFORMA_A,INDIRIZZO_A) VALUES
('41511155148661334592','YOUNGPLATFORM','0x9zkqk8sc996twtywhy34v7ffin4up2yi99xstanw');
INSERT INTO ASSOCIATO(ID_CONTO_VIRTUALE_A,NOME_PIATTAFORMA_A,INDIRIZZO_A) VALUES
('90750606096442332998','BINANCE','0xtbin5n8obexgiwtam7f26jmnp2uxf5n0ukj1r93p');
INSERT INTO ASSOCIATO(ID_CONTO_VIRTUALE_A,NOME_PIATTAFORMA_A,INDIRIZZO_A) VALUES
('58943089192220376208','BINANCE','0xzq8u36rtgil05luoodb88b425hdc1y1qgmjp8xvs');
INSERT INTO ASSOCIATO(ID_CONTO_VIRTUALE_A,NOME_PIATTAFORMA_A,INDIRIZZO_A) VALUES
('44028438510491620914','BITPANDA','0xchxdtxpfr2ebowd1j49lzsq3zxhzv0h2b25ppzkm');
INSERT INTO ASSOCIATO(ID_CONTO_VIRTUALE_A,NOME_PIATTAFORMA_A,INDIRIZZO_A) VALUES
('46446812560562476336','BITPANDA','0xpl00bhchgdo6xh0d4eque2ab929080o0divv7baz');
INSERT INTO ASSOCIATO(ID_CONTO_VIRTUALE_A,NOME_PIATTAFORMA_A,INDIRIZZO_A) VALUES
('62212477899903026032','YOUNGPLATFORM','0xKP2Q3tGKFOvegkSRlo0Y70pUdIypRLuAdgmTon0T');
INSERT INTO ASSOCIATO(ID_CONTO_VIRTUALE_A,NOME_PIATTAFORMA_A,INDIRIZZO_A) VALUES
('01512240724222181765','BINANCE','0xlUm10MVHT6vr3cNSvTcZTfruaaHzef2bjaM2U8Rz');
INSERT INTO ASSOCIATO(ID_CONTO_VIRTUALE_A,NOME_PIATTAFORMA_A,INDIRIZZO_A) VALUES
('98740013558782884725','YOUNGPLATFORM','0xdfdspx7twt09mx0w42usc9e6wp1egd6esk1oy7f8');
INSERT INTO ASSOCIATO(ID_CONTO_VIRTUALE_A,NOME_PIATTAFORMA_A,INDIRIZZO_A) VALUES
('49273856346937903118','STREETBEAT','0xdfdspx7twt09mx0w42usc9e6wp1egd6esk1oy7f8');
INSERT INTO ASSOCIATO(ID_CONTO_VIRTUALE_A,NOME_PIATTAFORMA_A,INDIRIZZO_A) VALUES
('92018875922609890219','YOUNGPLATFORM','0xpl00bhchgdo6xh0d4eque2ab929080o0divv7baz');

-- EXCHANGE DECENTRALIZZATO
INSERT INTO EXCHANGE_DECENTRALIZZATO(NOME_EXCHANGE,BLOCKCHAIN) VALUES
('pancakeswap','BSC');
INSERT INTO EXCHANGE_DECENTRALIZZATO(NOME_EXCHANGE,BLOCKCHAIN) VALUES
('UNISWAP','ETH');
INSERT INTO EXCHANGE_DECENTRALIZZATO(NOME_EXCHANGE,BLOCKCHAIN) VALUES
('dYdX','ETH');
INSERT INTO EXCHANGE_DECENTRALIZZATO(NOME_EXCHANGE,BLOCKCHAIN) VALUES
('MDEX','ETH');
INSERT INTO EXCHANGE_DECENTRALIZZATO(NOME_EXCHANGE,BLOCKCHAIN) VALUES
('SushiSwap','ETH');
INSERT INTO EXCHANGE_DECENTRALIZZATO(NOME_EXCHANGE,BLOCKCHAIN) VALUES
('BurgerSwap','BSC');
INSERT INTO EXCHANGE_DECENTRALIZZATO(NOME_EXCHANGE,BLOCKCHAIN) VALUES
('Justswap','TRON');
INSERT INTO EXCHANGE_DECENTRALIZZATO(NOME_EXCHANGE,BLOCKCHAIN) VALUES
('Bisq','Bisq');
INSERT INTO EXCHANGE_DECENTRALIZZATO(NOME_EXCHANGE,BLOCKCHAIN) VALUES
('Honeyswap','ETH');
INSERT INTO EXCHANGE_DECENTRALIZZATO(NOME_EXCHANGE,BLOCKCHAIN) VALUES
('DeFi Swap','DEFC');
INSERT INTO EXCHANGE_DECENTRALIZZATO(NOME_EXCHANGE,BLOCKCHAIN) VALUES
('ABB','BBB');
INSERT INTO EXCHANGE_DECENTRALIZZATO(NOME_EXCHANGE,BLOCKCHAIN) VALUES
('TRA','ETH');
INSERT INTO EXCHANGE_DECENTRALIZZATO(NOME_EXCHANGE,BLOCKCHAIN) VALUES
('PRO','BSC');
INSERT INTO EXCHANGE_DECENTRALIZZATO(NOME_EXCHANGE,BLOCKCHAIN) VALUES
('SALSWAP','TRON');
INSERT INTO EXCHANGE_DECENTRALIZZATO(NOME_EXCHANGE,BLOCKCHAIN) VALUES
('CUMASWAP','ETH');

-- UNITO
INSERT INTO UNITO(INDIRIZZO_U,NOME_EXCHANGE_U) VALUES
('0xlmt9ivxtbwyz1ea6bbxxfc1vve5f5ni82i69d55y','pancakeswap');
INSERT INTO UNITO(INDIRIZZO_U,NOME_EXCHANGE_U) VALUES
('0xijxtui3dbzq8zb5un8q2j0c7c3aj4izdt2wtb2cz','UNISWAP');
INSERT INTO UNITO(INDIRIZZO_U,NOME_EXCHANGE_U) VALUES
('0x8nvkcl3uwcpl6wiicoccxyfseablinagb13v3qyl','dYdX');
INSERT INTO UNITO(INDIRIZZO_U,NOME_EXCHANGE_U) VALUES
('0xmym0sh9myym61f4xrpi4vy791399yzzsar6k4lyx','MDEX');
INSERT INTO UNITO(INDIRIZZO_U,NOME_EXCHANGE_U) VALUES
('0x5ba7pnbhbqughrpbuj1k28i2ama5e2fwvljrpzdd','SushiSwap');
INSERT INTO UNITO(INDIRIZZO_U,NOME_EXCHANGE_U) VALUES
('0x96i266bnacvb1u74p12clbcnpwq02pnann5fa731','BurgerSwap');
INSERT INTO UNITO(INDIRIZZO_U,NOME_EXCHANGE_U) VALUES
('0xc8t3flq69hvy380qi6oysvvr8on7li6p8ygdkpyy','Justswap');
INSERT INTO UNITO(INDIRIZZO_U,NOME_EXCHANGE_U) VALUES
('0x12av8547vd8q4lljdwinm5lj74105vimz2z1s5db','Bisq');
INSERT INTO UNITO(INDIRIZZO_U,NOME_EXCHANGE_U) VALUES
('0xdfdspx7twt09mx0w42usc9e6wp1egd6esk1oy7f8','Honeyswap');
INSERT INTO UNITO(INDIRIZZO_U,NOME_EXCHANGE_U) VALUES
('0xhibi23anl7na3clskj7tvdnhcmllz3ontvx6bv5x','DeFi Swap');
INSERT INTO UNITO(INDIRIZZO_U,NOME_EXCHANGE_U) VALUES
('0x9zkqk8sc996twtywhy34v7ffin4up2yi99xstanw','ABB');
INSERT INTO UNITO(INDIRIZZO_U,NOME_EXCHANGE_U) VALUES
('0xtbin5n8obexgiwtam7f26jmnp2uxf5n0ukj1r93p','TRA');
INSERT INTO UNITO(INDIRIZZO_U,NOME_EXCHANGE_U) VALUES
('0xzq8u36rtgil05luoodb88b425hdc1y1qgmjp8xvs','PRO');
INSERT INTO UNITO(INDIRIZZO_U,NOME_EXCHANGE_U) VALUES
('0xchxdtxpfr2ebowd1j49lzsq3zxhzv0h2b25ppzkm','SALSWAP');
INSERT INTO UNITO(INDIRIZZO_U,NOME_EXCHANGE_U) VALUES
('0xpl00bhchgdo6xh0d4eque2ab929080o0divv7baz','CUMASWAP');
INSERT INTO UNITO(INDIRIZZO_U,NOME_EXCHANGE_U) VALUES
('0xlmt9ivxtbwyz1ea6bbxxfc1vve5f5ni82i69d55y','ABB');
INSERT INTO UNITO(INDIRIZZO_U,NOME_EXCHANGE_U) VALUES
('0x5ba7pnbhbqughrpbuj1k28i2ama5e2fwvljrpzdd','TRA');
INSERT INTO UNITO(INDIRIZZO_U,NOME_EXCHANGE_U) VALUES
('0x96i266bnacvb1u74p12clbcnpwq02pnann5fa731','pancakeswap');
INSERT INTO UNITO(INDIRIZZO_U,NOME_EXCHANGE_U) VALUES
('0x12av8547vd8q4lljdwinm5lj74105vimz2z1s5db','pancakeswap');
INSERT INTO UNITO(INDIRIZZO_U,NOME_EXCHANGE_U) VALUES
('0xzq8u36rtgil05luoodb88b425hdc1y1qgmjp8xvs','UNISWAP');

-- SCAMBIO
INSERT INTO SCAMBIO(TX_HASH,QUANTITA_SCAMBIATA,FEE_S,CONTRATTO_S,DATA_S,QUANTITA_OTTENUTA,VALUTA_OTTENUTA,VALUTA_SCAMBIATA,ID_CONTO_VIRTUALE_S,NOME_PIATTAFORMA_S,NOME_EXCHANGE_DEX) VALUES
('0xzibx1k4mlts22wlfbe5202beqho4nzmoyzd1nvh8r0wsg32i8vk5j7tllun2morb',100,1,'0xKaP7e0yhG0X0GHwZJnv7d3Oe0S0DGj6uovM4MDpL',TO_DATE('10/09/2020','DD/MM/YYYY'),10,'BNB','EUR','11013563144710829511','BITPANDA','pancakeswap');
INSERT INTO SCAMBIO(TX_HASH,QUANTITA_SCAMBIATA,FEE_S,CONTRATTO_S,DATA_S,QUANTITA_OTTENUTA,VALUTA_OTTENUTA,VALUTA_SCAMBIATA,ID_CONTO_VIRTUALE_S,NOME_PIATTAFORMA_S,NOME_EXCHANGE_DEX) VALUES
('0xqmkjdp6pvb9te765geai0ljk73vu96rkdhxkhzkk1g9l8sbkfihycbif77uz6kyj',80,1,'0xBd2wJZzbM2pORLVNnO4RptOcfBkGxjrQz4QSU58a',TO_DATE('02/07/2021','DD/MM/YYYY'),30,'ETH','EUR','38480029763762467178','BITPANDA','UNISWAP');
INSERT INTO SCAMBIO(TX_HASH,QUANTITA_SCAMBIATA,FEE_S,CONTRATTO_S,DATA_S,QUANTITA_OTTENUTA,VALUTA_OTTENUTA,VALUTA_SCAMBIATA,ID_CONTO_VIRTUALE_S,NOME_PIATTAFORMA_S,NOME_EXCHANGE_DEX) VALUES
('0xo50uan37p7v92scc608h4pg6mn5swlyj0po93tx258ce02qu0m1qbnp55rru8hlx',50,1,'0xzkR7GDGykwsNgxYZ4CXddEoDwR8qyJis8WlJVHFL',TO_DATE('03/08/2021','DD/MM/YYYY'),20,'ETH','EUR','48650072646093264568','BINANCE','dYdX');
INSERT INTO SCAMBIO(TX_HASH,QUANTITA_SCAMBIATA,FEE_S,CONTRATTO_S,DATA_S,QUANTITA_OTTENUTA,VALUTA_OTTENUTA,VALUTA_SCAMBIATA,ID_CONTO_VIRTUALE_S,NOME_PIATTAFORMA_S,NOME_EXCHANGE_DEX) VALUES
('0x40g0q1v9jsb5l7qqh4b6u9j1zawwpavde75ozn73y50zbrms73gzb5u7bh2aa36j',120,1,'0xu8Z2W5tkkw1TcSKYif2s8YK3wk4MF0gM47zmlrYO',TO_DATE('10/01/2020','DD/MM/YYYY'),11,'BTC','EUR','12722025187733601960','BINANCE','MDEX');
INSERT INTO SCAMBIO(TX_HASH,QUANTITA_SCAMBIATA,FEE_S,CONTRATTO_S,DATA_S,QUANTITA_OTTENUTA,VALUTA_OTTENUTA,VALUTA_SCAMBIATA,ID_CONTO_VIRTUALE_S,NOME_PIATTAFORMA_S,NOME_EXCHANGE_DEX) VALUES
('0x8ebm3s3m2svw6ry83f8dkadnhhu5egop2br768g6nwtb3ii26xpttk6mih01dwyc',200,1,'0xh8TvA7bDkLX8Yc99n0EESU57UzpolyGXlgcU4A95',TO_DATE('11/02/2020','DD/MM/YYYY'),100,'SOL','EUR','01512240724222181765','BINANCE','SushiSwap');
INSERT INTO SCAMBIO(TX_HASH,QUANTITA_SCAMBIATA,FEE_S,CONTRATTO_S,DATA_S,QUANTITA_OTTENUTA,VALUTA_OTTENUTA,VALUTA_SCAMBIATA,ID_CONTO_VIRTUALE_S,NOME_PIATTAFORMA_S,NOME_EXCHANGE_DEX) VALUES
('0x7fhr28dkhohvb9tynrkqb4k8grccu52qv59p8yaa0bsgy26udletp2wmgt8y001h',300,1,'0xDKz5vEF9VkxO3oq1Ux1aTsNmDUXd0rLoroYsFzKC',TO_DATE('20/03/2021','DD/MM/YYYY'),40,'MATIC','EUR','62212477899903026032','YOUNGPLATFORM','BurgerSwap');
INSERT INTO SCAMBIO(TX_HASH,QUANTITA_SCAMBIATA,FEE_S,CONTRATTO_S,DATA_S,QUANTITA_OTTENUTA,VALUTA_OTTENUTA,VALUTA_SCAMBIATA,ID_CONTO_VIRTUALE_S,NOME_PIATTAFORMA_S,NOME_EXCHANGE_DEX) VALUES
('0xin3gahvxuh3bgwryxqsp23ztlchh6oqk63ooumi984mn0gsmtgs2hl9rsxjjvk30',10,1,'0xrELvB9ntPv2eCqfdG1QFniSaYZ1y3IR1U09UrHBc',TO_DATE('20/07/2020','DD/MM/YYYY'),30,'COC','EUR','98909592354694862223','YOUNGPLATFORM','Justswap');
INSERT INTO SCAMBIO(TX_HASH,QUANTITA_SCAMBIATA,FEE_S,CONTRATTO_S,DATA_S,QUANTITA_OTTENUTA,VALUTA_OTTENUTA,VALUTA_SCAMBIATA,ID_CONTO_VIRTUALE_S,NOME_PIATTAFORMA_S,NOME_EXCHANGE_DEX) VALUES
('0x342s06fdtadwuxja16jsf2mhl2o15044r2jkwm9o374papfawjbhx79azmqtz0d3',12,1,'0xEkRSlq7AQ2vqYE9g8k0Rf4ipIHx46z73XdEvFbWa',TO_DATE('01/07/2020','DD/MM/YYYY'),10,'WET','EUR','23567494004133933985','COINBASE','Bisq');
INSERT INTO SCAMBIO(TX_HASH,QUANTITA_SCAMBIATA,FEE_S,CONTRATTO_S,DATA_S,QUANTITA_OTTENUTA,VALUTA_OTTENUTA,VALUTA_SCAMBIATA,ID_CONTO_VIRTUALE_S,NOME_PIATTAFORMA_S,NOME_EXCHANGE_DEX) VALUES
('0xhpex4gjtaxqdgjj57ohpvg0fuqlqr0ujfgzv7uujpxrk3gb37nqid1iw71uqd67f',20,1,'0xKVcBgk5XuygOsGJNIeEUU6CckWkfE7FpwOaFWvfF',TO_DATE('09/05/2020','DD/MM/YYYY'),50,'TRA','EUR','54877171659893100303','COINBASE','Honeyswap');
INSERT INTO SCAMBIO(TX_HASH,QUANTITA_SCAMBIATA,FEE_S,CONTRATTO_S,DATA_S,QUANTITA_OTTENUTA,VALUTA_OTTENUTA,VALUTA_SCAMBIATA,ID_CONTO_VIRTUALE_S,NOME_PIATTAFORMA_S,NOME_EXCHANGE_DEX) VALUES
('0xheeggul2la43yoe9nc2kkb6hu7cqjp1a0x00m1ozk5ebfq7hpzt2b04nh08di6x6',20,1,'0x3YOI9r2kvIzinPbiAyaIDOb2QpacYnkvajrYT5wG',TO_DATE('04/05/2021','DD/MM/YYYY'),90,'CRO','EUR','93198248687343734208','YOUNGPLATFORM','DeFi Swap');
INSERT INTO SCAMBIO(TX_HASH,QUANTITA_SCAMBIATA,FEE_S,CONTRATTO_S,DATA_S,QUANTITA_OTTENUTA,VALUTA_OTTENUTA,VALUTA_SCAMBIATA,ID_CONTO_VIRTUALE_S,NOME_PIATTAFORMA_S,NOME_EXCHANGE_DEX) VALUES
('0xxuntvqi1g9mynw5dm4gaxq8e5pvodss21b4ahg5uc4g8rcgienedic8df7eum63k',30,1,'0xQN3S3CqUhLG0l131Ql4g8nfG6hPyXyscdmrJhLtT',TO_DATE('03/10/2020','DD/MM/YYYY'),150,'BER','EUR','41511155148661334592','YOUNGPLATFORM','ABB');
INSERT INTO SCAMBIO(TX_HASH,QUANTITA_SCAMBIATA,FEE_S,CONTRATTO_S,DATA_S,QUANTITA_OTTENUTA,VALUTA_OTTENUTA,VALUTA_SCAMBIATA,ID_CONTO_VIRTUALE_S,NOME_PIATTAFORMA_S,NOME_EXCHANGE_DEX) VALUES
('0x94p6hw54pnp5shg4y7nqg97dc7ngg47hvx7z487llj2bt99vq2brgwpv0esaa0zf',40,1,'0xNscN2Do4gUu1AFv9eEm5mtVkJ0YUPgM4kq8QFdgW',TO_DATE('02/12/2020','DD/MM/YYYY'),105,'COC','EUR','90750606096442332998','BINANCE','TRA');
INSERT INTO SCAMBIO(TX_HASH,QUANTITA_SCAMBIATA,FEE_S,CONTRATTO_S,DATA_S,QUANTITA_OTTENUTA,VALUTA_OTTENUTA,VALUTA_SCAMBIATA,ID_CONTO_VIRTUALE_S,NOME_PIATTAFORMA_S,NOME_EXCHANGE_DEX) VALUES
('0x1620zgmpwjythq1b8rdzet0mzmh1fug1q9wlnvr218o2vnd12intlqo2hjm252nc',80,1,'0x9Kirq8qLVea0Br6dXHAIzQSbabr1bRrEAbgmpxAO',TO_DATE('01/11/2020','DD/MM/YYYY'),109,'WET','EUR','58943089192220376208','BINANCE','PRO');
INSERT INTO SCAMBIO(TX_HASH,QUANTITA_SCAMBIATA,FEE_S,CONTRATTO_S,DATA_S,QUANTITA_OTTENUTA,VALUTA_OTTENUTA,VALUTA_SCAMBIATA,ID_CONTO_VIRTUALE_S,NOME_PIATTAFORMA_S,NOME_EXCHANGE_DEX) VALUES
('0xr4nwt2upy17yb8z9a1g8hsmb6f4d7g5u70gky6zpb5uoc9l7xez9b64v7y3fgyiw',90,1,'0xv0ge0OHXHADwS1ZZYdWy2zNYLklBXeiXSu9ZIUSS',TO_DATE('11/11/2020','DD/MM/YYYY'),101,'COC','EUR','44028438510491620914','BITPANDA','SALSWAP');
INSERT INTO SCAMBIO(TX_HASH,QUANTITA_SCAMBIATA,FEE_S,CONTRATTO_S,DATA_S,QUANTITA_OTTENUTA,VALUTA_OTTENUTA,VALUTA_SCAMBIATA,ID_CONTO_VIRTUALE_S,NOME_PIATTAFORMA_S,NOME_EXCHANGE_DEX) VALUES
('0xa9e8r3v0d8ddkys9aki57iz53hs14r7recr77x2kefnflc16wjohfv0k5ubqxjqz',100,1,'0xsM4ycsnozyyYWF6r5z0EzS8ljYbXkN2mbMlw0vho',TO_DATE('28/10/2021','DD/MM/YYYY'),20,'WET','EUR','46446812560562476336','BITPANDA','CUMASWAP');
INSERT INTO SCAMBIO(TX_HASH,QUANTITA_SCAMBIATA,FEE_S,CONTRATTO_S,DATA_S,QUANTITA_OTTENUTA,VALUTA_OTTENUTA,VALUTA_SCAMBIATA,ID_CONTO_VIRTUALE_S,NOME_PIATTAFORMA_S,NOME_EXCHANGE_DEX) VALUES
('0xbVfbF1ougG16DyUwujxVWsZaqbGrDQ7o6BZjh85mw1UxpGtX1qWdotbYnkn0qffA',12,1,'0xzkR7GDGykwsNgxYZ4CXddEoDwR8qyJis8WlJVHFL',TO_DATE('24/09/2021','DD/MM/YYYY'),10,'ETH','EUR','11013563144710829511','BITPANDA','pancakeswap');
INSERT INTO SCAMBIO(TX_HASH,QUANTITA_SCAMBIATA,FEE_S,CONTRATTO_S,DATA_S,QUANTITA_OTTENUTA,VALUTA_OTTENUTA,VALUTA_SCAMBIATA,ID_CONTO_VIRTUALE_S,NOME_PIATTAFORMA_S,NOME_EXCHANGE_DEX) VALUES
('0xfWsHWV4h3xtsJgDHVAUfBNps5cm0oTrxfohfzzcQD4PrULEp3cRVB3zCMo3opnTD',80,1,'0xKVcBgk5XuygOsGJNIeEUU6CckWkfE7FpwOaFWvfF',TO_DATE('19/08/2020','DD/MM/YYYY'),20,'SOL','EUR','23567494004133933985','COINBASE','Bisq');
INSERT INTO SCAMBIO(TX_HASH,QUANTITA_SCAMBIATA,FEE_S,CONTRATTO_S,DATA_S,QUANTITA_OTTENUTA,VALUTA_OTTENUTA,VALUTA_SCAMBIATA,ID_CONTO_VIRTUALE_S,NOME_PIATTAFORMA_S,NOME_EXCHANGE_DEX) VALUES
('0x1ZAXbBoc12gYnNs2KPP4nmpfJTRjbddi5bPMXp8DdWQE9U5FrnhnUh92BotGAwi7',20,1,'0xKVcBgk5XuygOsGJNIeEUU6CckWkfE7FpwOaFWvfF',TO_DATE('18/02/2021','DD/MM/YYYY'),30,'SOL','EUR','23567494004133933985','COINBASE','Bisq');
INSERT INTO SCAMBIO(TX_HASH,QUANTITA_SCAMBIATA,FEE_S,CONTRATTO_S,DATA_S,QUANTITA_OTTENUTA,VALUTA_OTTENUTA,VALUTA_SCAMBIATA,ID_CONTO_VIRTUALE_S,NOME_PIATTAFORMA_S,NOME_EXCHANGE_DEX) VALUES
('0x6Cyr6AE200mKncwP1ffLN2W1DjDDs4fqo1oatj4JyiLV4q3Vn2ye6RQ0X9RJ7hUY',10,1,'0xNscN2Do4gUu1AFv9eEm5mtVkJ0YUPgM4kq8QFdgW',TO_DATE('17/01/2020','DD/MM/YYYY'),16,'MATIC','EUR','01512240724222181765','BINANCE','SushiSwap');
INSERT INTO SCAMBIO(TX_HASH,QUANTITA_SCAMBIATA,FEE_S,CONTRATTO_S,DATA_S,QUANTITA_OTTENUTA,VALUTA_OTTENUTA,VALUTA_SCAMBIATA,ID_CONTO_VIRTUALE_S,NOME_PIATTAFORMA_S,NOME_EXCHANGE_DEX) VALUES
('0xigqwk0EQPUAtLv3pUQsLasgNBfE67nNDuAwm2A7snE1HbnFei90TgVd1pxA6GjN5',50,1,'0xsM4ycsnozyyYWF6r5z0EzS8ljYbXkN2mbMlw0vho',TO_DATE('15/02/2021','DD/MM/YYYY'),50,'ETH','EUR','01512240724222181765','BINANCE','SushiSwap');

COMMIT;