-- CAPIRE COME SI AGGIUNGE LA DATA
-- I CODICI FISCALI SONO STATI GENERATI IN AUTOMATICO DAL SITO: https://www.codicefiscale.com/
INSERT INTO UTENTE(CF,DATA_DI_NASCITA,NAZIONALITA,NOME,COGNOME) VALUES
('DSRLRD90A01F839V',TO_DATE('01/06/1999','DD/MM/YYYY'),'ITALIA','ALFREDO','DESERTO');
INSERT INTO UTENTE(CF,DATA_DI_NASCITA,NAZIONALITA,NOME,COGNOME) VALUES
('RSSLCU80P15F839C',TO_DATE('10/04/2000','DD/MM/YYYY'),'AFRICA','LUCA','ROSSI');
INSERT INTO UTENTE(CF,DATA_DI_NASCITA,NAZIONALITA,NOME,COGNOME) VALUES
('VRDLGU79M19F839M',TO_DATE('28/08/1980','DD/MM/YYYY'),'AUSTRIA','LUIGI','VERDE');
INSERT INTO UTENTE(CF,DATA_DI_NASCITA,NAZIONALITA,NOME,COGNOME) VALUES
('BLULSS86S57F839T',TO_DATE('24/10/1981','DD/MM/YYYY'),'ISLANDA','ALESSIA','BLU');
INSERT INTO UTENTE(CF,DATA_DI_NASCITA,NAZIONALITA,NOME,COGNOME) VALUES
('VLINGL03D57F839E',TO_DATE('22/12/1970','DD/MM/YYYY'),'GERMANIA','ANGELA','VIOLA');
INSERT INTO UTENTE(CF,DATA_DI_NASCITA,NAZIONALITA,NOME,COGNOME) VALUES
('CHRMTN75P58F839A',TO_DATE('02/11/1990','DD/MM/YYYY'),'OLANDA','MARTINA','CHAIRO');
INSERT INTO UTENTE(CF,DATA_DI_NASCITA,NAZIONALITA,NOME,COGNOME) VALUES
('PCCCHR78L61F839Z',TO_DATE('12/02/2002','DD/MM/YYYY'),'AMERICA','CHIARA','PICCOLA');
INSERT INTO UTENTE(CF,DATA_DI_NASCITA,NAZIONALITA,NOME,COGNOME) VALUES
('DSTFNC07L47F839R',TO_DATE('08/03/2003','DD/MM/YYYY'),'CINA','FRANCESCA','DESTRO');
INSERT INTO UTENTE(CF,DATA_DI_NASCITA,NAZIONALITA,NOME,COGNOME) VALUES
('MLTMRC03S07F839Q',TO_DATE('17/09/2000','DD/MM/YYYY'),'GIAPPONE','MARCO','MALTO');
INSERT INTO UTENTE(CF,DATA_DI_NASCITA,NAZIONALITA,NOME,COGNOME) VALUES
('SNEGPP01P08F839A',TO_DATE('05/08/1998','DD/MM/YYYY'),'BELGIO','GIUSEPPE','SENI');
INSERT INTO UTENTE(CF,DATA_DI_NASCITA,NAZIONALITA,NOME,COGNOME) VALUES
('VRIMRA74A05F839T',TO_DATE('09/01/1997','DD/MM/YYYY'),'CAMEROUN','MARIO','VIRO');
INSERT INTO UTENTE(CF,DATA_DI_NASCITA,NAZIONALITA,NOME,COGNOME) VALUES
('BCCLSS66S19F839V',TO_DATE('11/10/1996','DD/MM/YYYY'),'ITALIA','ALESSIO','BUCCI');
INSERT INTO UTENTE(CF,DATA_DI_NASCITA,NAZIONALITA,NOME,COGNOME) VALUES
('DREPRI81T16F839G',TO_DATE('18/05/1999','DD/MM/YYYY'),'ISLANDA','PIERO','DERI');
INSERT INTO UTENTE(CF,DATA_DI_NASCITA,NAZIONALITA,NOME,COGNOME) VALUES
('DMAGRG02T31F839E',TO_DATE('20/07/2000','DD/MM/YYYY'),'GERMANIA','GIORGIO','DAMA');
INSERT INTO UTENTE(CF,DATA_DI_NASCITA,NAZIONALITA,NOME,COGNOME) VALUES
('PRMLSN86L27F839O',TO_DATE('19/09/1998','DD/MM/YYYY'),'OLANDA','ALESSANDRO','PRIMO');

-- VALUTAZIONE RISCHIO
INSERT INTO VALUTAZIONE_RISCHIO(CATEGORIA,BUDGET,RISCHIO,CF_UTENTE) VALUES
('BASE',10000,50,'DSRLRD90A01F839V');
INSERT INTO VALUTAZIONE_RISCHIO(CATEGORIA,BUDGET,RISCHIO,CF_UTENTE) VALUES
('BASE2',200,20,'RSSLCU80P15F839C');
INSERT INTO VALUTAZIONE_RISCHIO(CATEGORIA,BUDGET,RISCHIO,CF_UTENTE) VALUES
('BASE3',20000,80,'VRDLGU79M19F839M');
INSERT INTO VALUTAZIONE_RISCHIO(CATEGORIA,BUDGET,RISCHIO,CF_UTENTE) VALUES
('BASE4',60000,10,'BLULSS86S57F839T');
INSERT INTO VALUTAZIONE_RISCHIO(CATEGORIA,BUDGET,RISCHIO,CF_UTENTE) VALUES
('BASE5',1000000,99,'VLINGL03D57F839E');
INSERT INTO VALUTAZIONE_RISCHIO(CATEGORIA,BUDGET,RISCHIO,CF_UTENTE) VALUES
('BASE6',4000,75,'CHRMTN75P58F839A');
INSERT INTO VALUTAZIONE_RISCHIO(CATEGORIA,BUDGET,RISCHIO,CF_UTENTE) VALUES
('BASE7',8000,25,'PCCCHR78L61F839Z');
INSERT INTO VALUTAZIONE_RISCHIO(CATEGORIA,BUDGET,RISCHIO,CF_UTENTE) VALUES
('BASE8',700,10,'DSTFNC07L47F839R');
INSERT INTO VALUTAZIONE_RISCHIO(CATEGORIA,BUDGET,RISCHIO,CF_UTENTE) VALUES
('BASE9',500,50,'MLTMRC03S07F839Q');
INSERT INTO VALUTAZIONE_RISCHIO(CATEGORIA,BUDGET,RISCHIO,CF_UTENTE) VALUES
('BAS10',100,80,'SNEGPP01P08F839A');
INSERT INTO VALUTAZIONE_RISCHIO(CATEGORIA,BUDGET,RISCHIO,CF_UTENTE) VALUES
('BAS11',7500,60,'VRIMRA74A05F839T');
INSERT INTO VALUTAZIONE_RISCHIO(CATEGORIA,BUDGET,RISCHIO,CF_UTENTE) VALUES
('BAS12',150,5,'BCCLSS66S19F839V');
INSERT INTO VALUTAZIONE_RISCHIO(CATEGORIA,BUDGET,RISCHIO,CF_UTENTE) VALUES
('BAS13',2500,15,'DREPRI81T16F839G');
INSERT INTO VALUTAZIONE_RISCHIO(CATEGORIA,BUDGET,RISCHIO,CF_UTENTE) VALUES
('BAS14',75000,60,'DMAGRG02T31F839E');
INSERT INTO VALUTAZIONE_RISCHIO(CATEGORIA,BUDGET,RISCHIO,CF_UTENTE) VALUES
('BAS15',15000,80,'PRMLSN86L27F839O');

-- CONTO CORRENTE
-- I NUMERI DI CONTO E CVV SONO STATI GENERATI IN AUTOMATICO DAL SITO: https://ccardgenerator.com/generat-visa-card-numbers.php
INSERT INTO CONTO_CORRENTE(NUMERO_CONTO,CVV,DATA_DI_SCADENZA,CF_UTENTE) VALUES
('4109996351112611','679',TO_DATE('01/06/1999','DD/MM/YYYY'),'DSRLRD90A01F839V');
INSERT INTO CONTO_CORRENTE(NUMERO_CONTO,CVV,DATA_DI_SCADENZA,CF_UTENTE) VALUES
('4590293082723676','506',TO_DATE('10/04/2000','DD/MM/YYYY'),'RSSLCU80P15F839C');
INSERT INTO CONTO_CORRENTE(NUMERO_CONTO,CVV,DATA_DI_SCADENZA,CF_UTENTE) VALUES
('4347711035326285','770',TO_DATE('28/08/1980','DD/MM/YYYY'),'VRDLGU79M19F839M');
INSERT INTO CONTO_CORRENTE(NUMERO_CONTO,CVV,DATA_DI_SCADENZA,CF_UTENTE) VALUES
('4371103899876689','965',TO_DATE('24/10/1981','DD/MM/YYYY'),'BLULSS86S57F839T');
INSERT INTO CONTO_CORRENTE(NUMERO_CONTO,CVV,DATA_DI_SCADENZA,CF_UTENTE) VALUES
('4323104682062130','934',TO_DATE('22/12/1970','DD/MM/YYYY'),'VLINGL03D57F839E');
INSERT INTO CONTO_CORRENTE(NUMERO_CONTO,CVV,DATA_DI_SCADENZA,CF_UTENTE) VALUES
('4944670573395564','514',TO_DATE('02/11/1990','DD/MM/YYYY'),'CHRMTN75P58F839A');
INSERT INTO CONTO_CORRENTE(NUMERO_CONTO,CVV,DATA_DI_SCADENZA,CF_UTENTE) VALUES
('4549496146399761','688',TO_DATE('12/02/2002','DD/MM/YYYY'),'PCCCHR78L61F839Z');
INSERT INTO CONTO_CORRENTE(NUMERO_CONTO,CVV,DATA_DI_SCADENZA,CF_UTENTE) VALUES
('4795338713159585','886',TO_DATE('08/03/2003','DD/MM/YYYY'),'DSTFNC07L47F839R');
INSERT INTO CONTO_CORRENTE(NUMERO_CONTO,CVV,DATA_DI_SCADENZA,CF_UTENTE) VALUES
('4104071187881121','558',TO_DATE('17/09/2000','DD/MM/YYYY'),'MLTMRC03S07F839Q');
INSERT INTO CONTO_CORRENTE(NUMERO_CONTO,CVV,DATA_DI_SCADENZA,CF_UTENTE) VALUES
('4462202027956130','546',TO_DATE('05/08/1998','DD/MM/YYYY'),'SNEGPP01P08F839A');
INSERT INTO CONTO_CORRENTE(NUMERO_CONTO,CVV,DATA_DI_SCADENZA,CF_UTENTE) VALUES
('4295786297006975','591',TO_DATE('09/01/1997','DD/MM/YYYY'),'VRIMRA74A05F839T');
INSERT INTO CONTO_CORRENTE(NUMERO_CONTO,CVV,DATA_DI_SCADENZA,CF_UTENTE) VALUES
('4642587359242619','407',TO_DATE('11/10/1996','DD/MM/YYYY'),'BCCLSS66S19F839V');
INSERT INTO CONTO_CORRENTE(NUMERO_CONTO,CVV,DATA_DI_SCADENZA,CF_UTENTE) VALUES
('4204686029166503','368',TO_DATE('18/05/1999','DD/MM/YYYY'),'DREPRI81T16F839G');
INSERT INTO CONTO_CORRENTE(NUMERO_CONTO,CVV,DATA_DI_SCADENZA,CF_UTENTE) VALUES
('4330442763581136','417',TO_DATE('20/07/2000','DD/MM/YYYY'),'DMAGRG02T31F839E');
INSERT INTO CONTO_CORRENTE(NUMERO_CONTO,CVV,DATA_DI_SCADENZA,CF_UTENTE) VALUES
('4436102995435906','308',TO_DATE('19/09/1998','DD/MM/YYYY'),'PRMLSN86L27F839O');

-- CONTO VIRTUALE
-- ID SONO STATI GENERATI IN AUTOMATICO DAL SITO: https://www.lastpass.com/it/features/password-generator
INSERT INTO CONTO_VIRTUALE(ID,DATA_CREAZIONE) VALUES
('11013563144710829511',TO_DATE('19/09/2010','DD/MM/YYYY'));
INSERT INTO CONTO_VIRTUALE(ID,DATA_CREAZIONE) VALUES
('38480029763762467178',TO_DATE('19/09/2010','DD/MM/YYYY'));
INSERT INTO CONTO_VIRTUALE(ID,DATA_CREAZIONE) VALUES
('48650072646093264568',TO_DATE('19/09/2010','DD/MM/YYYY'));
INSERT INTO CONTO_VIRTUALE(ID,DATA_CREAZIONE) VALUES
('12722025187733601960',TO_DATE('19/09/2010','DD/MM/YYYY'));
INSERT INTO CONTO_VIRTUALE(ID,DATA_CREAZIONE) VALUES
('01512240724222181765',TO_DATE('19/09/2010','DD/MM/YYYY'));
INSERT INTO CONTO_VIRTUALE(ID,DATA_CREAZIONE) VALUES
('62212477899903026032',TO_DATE('19/09/2010','DD/MM/YYYY'));
INSERT INTO CONTO_VIRTUALE(ID,DATA_CREAZIONE) VALUES
('98909592354694862223',TO_DATE('19/09/2010','DD/MM/YYYY'));
INSERT INTO CONTO_VIRTUALE(ID,DATA_CREAZIONE) VALUES
('23567494004133933985',TO_DATE('19/09/2010','DD/MM/YYYY'));
INSERT INTO CONTO_VIRTUALE(ID,DATA_CREAZIONE) VALUES
('54877171659893100303',TO_DATE('19/09/2010','DD/MM/YYYY'));
INSERT INTO CONTO_VIRTUALE(ID,DATA_CREAZIONE) VALUES
('93198248687343734208',TO_DATE('19/09/2010','DD/MM/YYYY'));
INSERT INTO CONTO_VIRTUALE(ID,DATA_CREAZIONE) VALUES
('41511155148661334592',TO_DATE('19/09/2010','DD/MM/YYYY'));
INSERT INTO CONTO_VIRTUALE(ID,DATA_CREAZIONE) VALUES
('90750606096442332998',TO_DATE('19/09/2010','DD/MM/YYYY'));
INSERT INTO CONTO_VIRTUALE(ID,DATA_CREAZIONE) VALUES
('58943089192220376208',TO_DATE('19/09/2010','DD/MM/YYYY'));
INSERT INTO CONTO_VIRTUALE(ID,DATA_CREAZIONE) VALUES
('44028438510491620914',TO_DATE('19/09/2010','DD/MM/YYYY'));
INSERT INTO CONTO_VIRTUALE(ID,DATA_CREAZIONE) VALUES
('46446812560562476336',TO_DATE('19/09/2010','DD/MM/YYYY'));

-- COLLEGATO
INSERT INTO COLLEGATO(ID_CONTO_VIRTUALE_C,NUMERO_CONTO_C) VALUES
('11013563144710829511','4109996351112611');
INSERT INTO COLLEGATO(ID_CONTO_VIRTUALE_C,NUMERO_CONTO_C) VALUES
('38480029763762467178','4590293082723676');
INSERT INTO COLLEGATO(ID_CONTO_VIRTUALE_C,NUMERO_CONTO_C) VALUES
('48650072646093264568','4347711035326285');
INSERT INTO COLLEGATO(ID_CONTO_VIRTUALE_C,NUMERO_CONTO_C) VALUES
('12722025187733601960','4371103899876689');
INSERT INTO COLLEGATO(ID_CONTO_VIRTUALE_C,NUMERO_CONTO_C) VALUES
('01512240724222181765','4323104682062130');
INSERT INTO COLLEGATO(ID_CONTO_VIRTUALE_C,NUMERO_CONTO_C) VALUES
('62212477899903026032','4944670573395564');
INSERT INTO COLLEGATO(ID_CONTO_VIRTUALE_C,NUMERO_CONTO_C) VALUES
('98909592354694862223','4549496146399761');
INSERT INTO COLLEGATO(ID_CONTO_VIRTUALE_C,NUMERO_CONTO_C) VALUES
('23567494004133933985','4795338713159585');
INSERT INTO COLLEGATO(ID_CONTO_VIRTUALE_C,NUMERO_CONTO_C) VALUES
('54877171659893100303','4104071187881121');
INSERT INTO COLLEGATO(ID_CONTO_VIRTUALE_C,NUMERO_CONTO_C) VALUES
('93198248687343734208','4462202027956130');
INSERT INTO COLLEGATO(ID_CONTO_VIRTUALE_C,NUMERO_CONTO_C) VALUES
('41511155148661334592','4295786297006975');
INSERT INTO COLLEGATO(ID_CONTO_VIRTUALE_C,NUMERO_CONTO_C) VALUES
('90750606096442332998','4642587359242619');
INSERT INTO COLLEGATO(ID_CONTO_VIRTUALE_C,NUMERO_CONTO_C) VALUES
('58943089192220376208','4204686029166503');
INSERT INTO COLLEGATO(ID_CONTO_VIRTUALE_C,NUMERO_CONTO_C) VALUES
('44028438510491620914','4330442763581136');
INSERT INTO COLLEGATO(ID_CONTO_VIRTUALE_C,NUMERO_CONTO_C) VALUES
('46446812560562476336','4436102995435906');

-- MOVIMENTO
-- ID_ORDINE SONO STATI GENERATI IN AUTOMATICO DAL SITO: https://www.lastpass.com/it/features/password-generator
INSERT INTO MOVIMENTO(ID_ORDINE,QUANTITA,DATA_M,FEE,TIPO_MOVIMENTO,ID_CONTO_VIRTUALE_M) VALUES
('57060783237376271012',100,NULL,1,1,'11013563144710829511');
INSERT INTO MOVIMENTO(ID_ORDINE,QUANTITA,DATA_M,FEE,TIPO_MOVIMENTO,ID_CONTO_VIRTUALE_M) VALUES
('42822805386516729582',100,NULL,1,2,'38480029763762467178');
INSERT INTO MOVIMENTO(ID_ORDINE,QUANTITA,DATA_M,FEE,TIPO_MOVIMENTO,ID_CONTO_VIRTUALE_M) VALUES
('20701081974674058003',100,NULL,1,1,'48650072646093264568');
INSERT INTO MOVIMENTO(ID_ORDINE,QUANTITA,DATA_M,FEE,TIPO_MOVIMENTO,ID_CONTO_VIRTUALE_M) VALUES
('70391751470373016292',100,NULL,1,2,'12722025187733601960');
INSERT INTO MOVIMENTO(ID_ORDINE,QUANTITA,DATA_M,FEE,TIPO_MOVIMENTO,ID_CONTO_VIRTUALE_M) VALUES
('46455527382439667011',100,NULL,1,1,'01512240724222181765');
INSERT INTO MOVIMENTO(ID_ORDINE,QUANTITA,DATA_M,FEE,TIPO_MOVIMENTO,ID_CONTO_VIRTUALE_M) VALUES
('82663057179655201449',100,NULL,1,1,'62212477899903026032');
INSERT INTO MOVIMENTO(ID_ORDINE,QUANTITA,DATA_M,FEE,TIPO_MOVIMENTO,ID_CONTO_VIRTUALE_M) VALUES
('96744318979879172515',100,NULL,1,2,'98909592354694862223');
INSERT INTO MOVIMENTO(ID_ORDINE,QUANTITA,DATA_M,FEE,TIPO_MOVIMENTO,ID_CONTO_VIRTUALE_M) VALUES
('91901863882847388306',100,NULL,1,2,'23567494004133933985');
INSERT INTO MOVIMENTO(ID_ORDINE,QUANTITA,DATA_M,FEE,TIPO_MOVIMENTO,ID_CONTO_VIRTUALE_M) VALUES
('10002023031817252629',100,NULL,1,2,'54877171659893100303');
INSERT INTO MOVIMENTO(ID_ORDINE,QUANTITA,DATA_M,FEE,TIPO_MOVIMENTO,ID_CONTO_VIRTUALE_M) VALUES
('85884140368549189487',100,NULL,1,1,'93198248687343734208');
INSERT INTO MOVIMENTO(ID_ORDINE,QUANTITA,DATA_M,FEE,TIPO_MOVIMENTO,ID_CONTO_VIRTUALE_M) VALUES
('44024216073433782511',100,NULL,1,1,'41511155148661334592');
INSERT INTO MOVIMENTO(ID_ORDINE,QUANTITA,DATA_M,FEE,TIPO_MOVIMENTO,ID_CONTO_VIRTUALE_M) VALUES
('57121069937003999347',100,NULL,1,2,'90750606096442332998');
INSERT INTO MOVIMENTO(ID_ORDINE,QUANTITA,DATA_M,FEE,TIPO_MOVIMENTO,ID_CONTO_VIRTUALE_M) VALUES
('09173938304630113976',100,NULL,1,2,'58943089192220376208');
INSERT INTO MOVIMENTO(ID_ORDINE,QUANTITA,DATA_M,FEE,TIPO_MOVIMENTO,ID_CONTO_VIRTUALE_M) VALUES
('61286750337978716996',100,NULL,1,1,'44028438510491620914');
INSERT INTO MOVIMENTO(ID_ORDINE,QUANTITA,DATA_M,FEE,TIPO_MOVIMENTO,ID_CONTO_VIRTUALE_M) VALUES
('69470416959155906640',100,NULL,1,1,'46446812560562476336');

COMMIT;
--INSERT INTO MOVIMENTO(ID_ORDINE,QUANTITA,DATA_M,FEE,TIPO_MOVIMENTO,ID_CONTO_VIRTUALE_M) VALUES
--('57060783237376279858',100,TO_TIMESTAMP(:ts_val, '2003-04-12 12:03:24.00'),1,1,'11013563144710829873');
